ID,Name,Category,Subcategory,Address,Phone,Website,Zip Codes Served,Languages,Hours (Mon),Hours (Tue),Hours (Wed),Hours (Thu),Hours (Fri),Hours (Sat),Hours (Sun),Service Delivery,Cost,Accepted Insurance,Copay,ADA Accessible,Transportation Assistance,Child Friendly,API Endpoint,Income Limit (% FPL),Household Size Min,Age Min,Age Max,Residency Required,Insurance Required,Documentation Required,Max Per Week,Base Utilization (%),Seasonal Notes,Availability Status,Available Slots,Wait Time (Days),Next Available,Simulated Utilization (%)
P001,Second Harvest Food Bank of OC – Anaheim,food,food_bank,"1525 Chapman Ave, Anaheim, CA 92801",714-710-3725,https://second-harvest-food-bank-of-oc.org,all_orange_county,en; vi; hy; tl; fa; ar; zh; es,8am-4pm,8am-4pm,8am-4pm,8am-4pm,8am-4pm,closed,closed,home-delivered,20,Medi-Cal; CHIP,5,false,true,true,/api/programs/P001/availability,185,1,,21,Santa Ana,false,photo_id; proof_of_income; proof_of_address,480,45,Holiday surge Dec,open,283,0,immediate,41
P002,Manna Food Pantry – Santa Ana,food,food_pantry,"7860 Bristol St, Santa Ana, CA 92703",714-713-6226,https://manna-food-pantry.org,92688; 92844; 92672; 92804; 92708,en; hy; ar; es; vi; zh; km; ko; fa,8am-5pm,8am-5pm,8am-5pm,8am-5pm,8am-5pm,closed,closed,home-delivered,0,,0,true,false,true,/api/programs/P002/availability,130,1,,21,Orange County,false,photo_id; proof_of_address,131,84,Holiday surge Dec,limited,16,8,2026-04-28,88
P003,WIC Clinic – Irvine,food,wic,"6836 Main St, Irvine, CA 92630",714-426-9323,https://wic-clinic.org,92688; 92807; 92866,hy; zh; ar; es; km; fa; ko; en; tl; vi,8am-5pm,8am-5pm,8am-5pm,8am-5pm,8am-5pm,closed,closed,hybrid,0,Private,0,true,false,true,/api/programs/P003/availability,250,1,,,California,false,referral_from_hospital_or_doctor,227,38,,open,131,0,immediate,42
P004,CalFresh Enrollment Center – Orange,food,snap,"8873 Harbor Blvd, Orange, CA 92869",714-882-7052,https://calfresh-enrollment-center.org,all_orange_county,tl; ar; zh; vi; en; hy; ko; es; km; fa,8am-5pm,8am-5pm,8am-5pm,8am-5pm,8am-5pm,closed,closed,home-delivered,25,Medi-Cal,5,false,false,true,/api/programs/P004/availability,250,1,,,California,true,photo_id; proof_of_income; proof_of_address,340,41,Increased availability summer,open,185,0,immediate,45
P005,Meals on Wheels – Garden Grove,food,home_delivered_meals,"5219 Oak Ave, Garden Grove, CA 92841",714-414-4988,https://meals-on-wheels.org,92677; 92701; 92867; 92833; 92868,en; ar; hy; es,9am-6pm,9am-6pm,9am-6pm,9am-6pm,9am-6pm,9am-1pm,closed,hybrid,0,Medi-Cal; Medicare; Private,0,true,true,true,/api/programs/P005/availability,130,1,,,Anaheim,true,photo_id; proof_of_income; proof_of_address,143,80,Waitlist common Aug-Sep,limited,22,14,2026-05-04,85
P006,Community Fridge Network – Fullerton,food,community_fridge,"5326 Elm Blvd, Fullerton, CA 92832",714-350-5269,https://community-fridge-network.org,92806; 92630; 92663; 92845; 92782; 92869,en; ar; tl; ko; km; es,closed,9am-12pm,closed,9am-12pm,closed,9am-12pm,closed,in-person,0,Medi-Cal; CHIP,0,true,false,true,/api/programs/P006/availability,185,1,,17,Santa Ana,false,photo_id,291,48,,open,141,0,immediate,51
P007,School Lunch Outreach Program – Huntington Beach,food,school_meals,"7609 Harbor Blvd, Huntington Beach, CA 92647",714-251-1387,https://school-lunch-outreach-program.org,all_orange_county,en; vi; zh; es,closed,9am-12pm,closed,9am-12pm,closed,9am-12pm,closed,in-person; home-delivered,20,Medi-Cal,5,true,false,true,/api/programs/P007/availability,130,1,,17,Orange County,true,photo_id,553,89,,limited,66,8,2026-04-28,88
P008,Healthy Families Food Pantry – Mission Viejo,food,food_pantry,"8253 Beach Blvd, Mission Viejo, CA 92692",714-821-2438,https://healthy-families-food-pantry.org,all_orange_county,en; zh; es; fa; ko; vi; hy,10am-7pm,10am-7pm,10am-7pm,10am-7pm,10am-7pm,10am-3pm,closed,home-delivered,25,Medi-Cal; Medicare,0,true,false,true,/api/programs/P008/availability,185,1,,,California,true,photo_id; proof_of_address,409,71,,open,126,2,2026-04-22,69
P009,St. Vincent de Paul Food Shelf – Lake Forest,food,food_pantry,"8863 Beach Blvd, Lake Forest, CA 92688",714-625-6842,https://st-vincent-de-paul-food-shelf.org,all_orange_county,vi; fa; ko; km; zh; es; hy; en; ar; tl,8am-4pm,8am-4pm,8am-4pm,8am-4pm,8am-4pm,closed,closed,home-delivered,10,Medi-Cal,20,false,true,true,/api/programs/P009/availability,200,1,,,Anaheim,true,photo_id; proof_of_address,155,68,Higher demand Nov-Jan,open,53,3,2026-04-23,66
P010,Catholic Charities Food Program – Westminster,food,food_bank,"1165 Katella Ave, Westminster, CA 92683",714-757-1834,https://catholic-charities-food-program.org,all_orange_county,en; vi; zh; es; ko; km; tl; fa,9am-6pm,9am-6pm,9am-6pm,9am-6pm,9am-6pm,9am-1pm,closed,hybrid,0,,0,true,true,true,/api/programs/P010/availability,,1,,17,Santa Ana,false,photo_id; proof_of_address,342,69,Waitlist common Aug-Sep,open,103,5,2026-04-25,70
P011,Salvation Army Food Assistance – Anaheim,food,food_pantry,"8020 Main St, Anaheim, CA 92801",714-622-7365,https://salvation-army-food-assistance.org,all_orange_county,tl; zh; vi; fa; es; en,8am-5pm,8am-5pm,8am-5pm,8am-5pm,8am-5pm,closed,closed,telehealth,0,Medi-Cal,0,false,false,true,/api/programs/P011/availability,250,1,,,Santa Ana,false,photo_id; proof_of_income; proof_of_address; ssn,406,84,,limited,71,7,2026-04-27,82
P012,SNAP Outreach & Enrollment – Santa Ana,food,snap,"7796 Euclid St, Santa Ana, CA 92704",714-502-2242,https://snap-outreach-enrollment.org,92780; 92886; 92807; 92887; 92841; 92647,en; ko; es; hy; zh; vi; tl; fa,8am-4pm,8am-4pm,8am-4pm,8am-4pm,8am-4pm,closed,closed,in-person,0,Medi-Cal,0,true,true,true,/api/programs/P012/availability,130,1,,,California,true,photo_id; proof_of_address,526,48,,open,278,0,immediate,47
P013,Pediatric Nutrition Support Program – Irvine,food,nutrition_support,"2585 Chapman Ave, Irvine, CA 92612",714-987-8078,https://pediatric-nutrition-support-program.org,92656; 92676; 92614,en; vi; tl; zh; fa; es,closed,9am-12pm,closed,9am-12pm,closed,9am-12pm,closed,home-delivered,0,Medi-Cal,0,true,false,true,/api/programs/P013/availability,185,1,,21,California,true,photo_id,337,76,Waitlist common Aug-Sep,open,79,6,2026-04-26,76
P014,Baby Formula Assistance Program – Orange,food,infant_nutrition,"2281 Main St, Orange, CA 92861",714-288-1527,https://baby-formula-assistance-program.org,all_orange_county,en; ko; vi; es,8am-4pm,8am-4pm,8am-4pm,8am-4pm,8am-4pm,closed,closed,in-person,20,Private,5,false,true,true,/api/programs/P014/availability,250,1,,21,Anaheim,false,proof_of_address,284,67,Increased availability summer,open,96,6,2026-04-26,66
P015,Summer Food Service Program – Garden Grove,food,summer_meals,"9422 Brookhurst St, Garden Grove, CA 92844",714-780-6871,https://summer-food-service-program.org,all_orange_county,en; vi; ko; tl; zh; es,closed,9am-12pm,closed,9am-12pm,closed,9am-12pm,closed,telehealth,25,Medi-Cal; CHIP,15,true,false,true,/api/programs/P015/availability,200,1,,17,Orange County,false,proof_of_address,338,70,Waitlist common Aug-Sep,open,103,5,2026-04-25,69
P016,Backpack Buddy Program – Fullerton,food,school_meals,"9712 Bristol St, Fullerton, CA 92832",714-555-2268,https://backpack-buddy-program.org,all_orange_county,en; fa; hy; zh; km; ar; es; vi; tl,8am-5pm,8am-5pm,8am-5pm,8am-5pm,8am-5pm,closed,closed,telehealth,25,CHIP,5,true,false,true,/api/programs/P016/availability,,1,,21,Orange County,true,proof_of_address,474,62,Holiday surge Dec,open,174,4,2026-04-24,63
P017,Interfaith Food Center – Huntington Beach,food,food_pantry,"2877 Bristol St, Huntington Beach, CA 92647",714-556-9463,https://interfaith-food-center.org,all_orange_county,en; ko; zh; hy; vi; es,9am-6pm,9am-6pm,9am-6pm,9am-6pm,9am-6pm,9am-1pm,closed,in-person; telehealth,0,Private,0,true,false,true,/api/programs/P017/availability,185,1,,21,California,false,photo_id; proof_of_income; proof_of_address; ssn,480,86,,limited,74,4,2026-04-24,84
P018,Korean Community Food Bank – Mission Viejo,food,food_bank,"9323 Katella Ave, Mission Viejo, CA 92694",714-576-1765,https://korean-community-food-bank.org,92705; 92804; 92653; 92618; 92801; 92701; 92831; 92692,en; fa; km; ar; es,10am-7pm,10am-7pm,10am-7pm,10am-7pm,10am-7pm,10am-3pm,closed,in-person,20,Medi-Cal,5,false,false,true,/api/programs/P018/availability,130,1,,17,Orange County,true,photo_id,219,80,,open,54,0,immediate,75
P019,Vietnamese Community Food Pantry – Lake Forest,food,food_pantry,"8360 Oak Ave, Lake Forest, CA 92630",714-478-4698,https://vietnamese-community-food-pantry.org,all_orange_county,en; ar; hy; km; es,9am-6pm,9am-6pm,9am-6pm,9am-6pm,9am-6pm,9am-1pm,closed,in-person; home-delivered,0,Private,0,true,false,true,/api/programs/P019/availability,185,1,,,Irvine,false,proof_of_address,349,71,Limited summer capacity,open,98,0,immediate,72
P020,Islamic Society Food Assistance – Westminster,food,food_pantry,"5294 Brookhurst St, Westminster, CA 92683",714-899-8293,https://islamic-society-food-assistance.org,all_orange_county,hy; fa; tl; en; es; ar; zh; ko; km; vi,8am-5pm,8am-5pm,8am-5pm,8am-5pm,8am-5pm,closed,closed,in-person,0,Medi-Cal; CHIP,0,true,true,true,/api/programs/P020/availability,130,1,,,Santa Ana,false,photo_id; proof_of_address,478,34,Higher demand Nov-Jan,open,302,0,immediate,37
P021,Armenian Relief Food Program – Anaheim,food,food_pantry,"6235 Main St, Anaheim, CA 92808",714-732-5374,https://armenian-relief-food-program.org,all_orange_county,en; ko; vi; km; hy; fa; ar; es,9am-6pm,9am-6pm,9am-6pm,9am-6pm,9am-6pm,9am-1pm,closed,home-delivered,0,Medi-Cal; CHIP,0,true,false,true,/api/programs/P021/availability,130,1,,,Anaheim,false,referral_from_hospital_or_doctor,533,62,Increased availability summer,open,227,0,immediate,57
P022,Cambodian Family Food Support – Santa Ana,food,food_pantry,"4861 Brookhurst St, Santa Ana, CA 92708",714-685-6751,https://cambodian-family-food-support.org,all_orange_county,en; ko; tl; ar; zh; fa; es,closed,9am-12pm,closed,9am-12pm,closed,9am-12pm,closed,hybrid,0,,0,true,false,true,/api/programs/P022/availability,130,1,,,Irvine,false,proof_of_income; proof_of_address,287,40,Limited summer capacity,open,168,0,immediate,41
P023,Farmworker Family Food Program – Irvine,food,food_bank,"800 Brookhurst St, Irvine, CA 92614",714-903-6623,https://farmworker-family-food-program.org,92801; 92648; 92708; 92677; 92692; 92688,ar; tl; fa; vi; hy; en; es; ko; km,closed,9am-12pm,closed,9am-12pm,closed,9am-12pm,closed,home-delivered,0,Medi-Cal; CHIP,0,true,false,true,/api/programs/P023/availability,,1,,17,California,false,photo_id,193,75,,open,54,5,2026-04-25,72
P024,CHOC Pediatric Nutrition Clinic – Orange,food,nutrition_support,"4767 Elm Blvd, Orange, CA 92865",714-419-7290,https://choc-pediatric-nutrition-clinic.org,all_orange_county,en; km; zh; tl; ko; fa; es,10am-7pm,10am-7pm,10am-7pm,10am-7pm,10am-7pm,10am-3pm,closed,hybrid,10,Medi-Cal; Medicare,5,true,true,true,/api/programs/P024/availability,,1,,,Orange County,true,photo_id; proof_of_address,482,74,Higher demand Nov-Jan,open,148,3,2026-04-23,69
P025,NICU Family Meal Support – Garden Grove,food,nutrition_support,"2214 Chapman Ave, Garden Grove, CA 92840",714-599-4794,https://nicu-family-meal-support.org,92782; 92867; 92705,en; hy; zh; fa; vi; tl; es; km; ar; ko,8am-4pm,8am-4pm,8am-4pm,8am-4pm,8am-4pm,closed,closed,in-person,0,,0,false,false,true,/api/programs/P025/availability,185,1,,17,Orange County,false,proof_of_income; proof_of_address,218,66,Waitlist common Aug-Sep,open,81,5,2026-04-25,62
P026,OCTA Access Paratransit – Anaheim,transportation,paratransit,"2899 Harbor Blvd, Anaheim, CA 92808",714-242-8811,https://octa-access-paratransit.org,all_orange_county,es; en,10am-7pm,10am-7pm,10am-7pm,10am-7pm,10am-7pm,10am-3pm,closed,hybrid,0,Medi-Cal,0,false,false,true,/api/programs/P026/availability,250,1,,17,Orange County,true,photo_id; proof_of_address,69,35,,open,42,0,immediate,38
P027,Medi-Cal Non-Emergency Medical Transport – Santa Ana,transportation,nemt,"3186 Elm Blvd, Santa Ana, CA 92708",714-331-7504,https://medi-cal-non-emergency-medical-transport.org,all_orange_county,en; es; ar; tl; fa; hy; vi,10am-7pm,10am-7pm,10am-7pm,10am-7pm,10am-7pm,10am-3pm,closed,hybrid,0,Medi-Cal; CHIP,0,true,false,true,/api/programs/P027/availability,250,1,,,California,false,photo_id; proof_of_income; proof_of_address; ssn,125,67,Increased availability summer,open,40,4,2026-04-24,68
P028,Ride to Health Program – Irvine,transportation,rideshare_voucher,"6359 Oak Ave, Irvine, CA 92612",714-206-7496,https://ride-to-health-program.org,all_orange_county,en; vi; tl; es; hy,10am-7pm,10am-7pm,10am-7pm,10am-7pm,10am-7pm,10am-3pm,closed,in-person,0,Medi-Cal; CHIP,0,true,false,true,/api/programs/P028/availability,200,1,,17,Anaheim,true,photo_id; proof_of_income; proof_of_address; ssn,81,67,Higher demand Nov-Jan,open,23,4,2026-04-24,72
P029,Volunteer Driver Network OC – Orange,transportation,volunteer_driver,"6673 Beach Blvd, Orange, CA 92867",714-285-7501,https://volunteer-driver-network-oc.org,92866; 92804; 92806; 92701; 92661; 92861; 92808,en; tl; km; vi; hy; es,8am-5pm,8am-5pm,8am-5pm,8am-5pm,8am-5pm,closed,closed,home-delivered,0,Private,0,false,false,true,/api/programs/P029/availability,400,1,,17,Irvine,true,photo_id; proof_of_address,136,95,Increased availability summer,full,1,41,2026-05-31,99
P030,Children's Hospital Transport Assistance – Garden Grove,transportation,hospital_transport,"4288 Harbor Blvd, Garden Grove, CA 92840",714-496-5074,https://children-s-hospital-transport-assistance.org,92866; 92861; 92803; 92801; 92612; 92614; 92841,en; zh; ar; es,10am-7pm,10am-7pm,10am-7pm,10am-7pm,10am-7pm,10am-3pm,closed,telehealth,0,Medi-Cal,0,false,true,true,/api/programs/P030/availability,250,1,,21,Santa Ana,false,photo_id; proof_of_income; proof_of_address,57,91,Waitlist common Aug-Sep,limited,5,5,2026-04-25,91
P031,Senior & Disabled Transport Services – Fullerton,transportation,paratransit,"987 Bristol St, Fullerton, CA 92835",714-161-6079,https://senior-disabled-transport-services.org,92676; 92653; 92841; 92692; 92675; 92701,km; zh; en; ko; tl; hy; ar; es; vi; fa,10am-7pm,10am-7pm,10am-7pm,10am-7pm,10am-7pm,10am-3pm,closed,in-person,0,Private,0,true,false,true,/api/programs/P031/availability,,1,,21,Irvine,true,photo_id,220,83,,limited,38,5,2026-04-25,83
P032,Lyft Healthcare Voucher Program – Huntington Beach,transportation,rideshare_voucher,"1520 Main St, Huntington Beach, CA 92646",714-243-8363,https://lyft-healthcare-voucher-program.org,all_orange_county,en; vi; es; km; hy; tl; ko,8am-5pm,8am-5pm,8am-5pm,8am-5pm,8am-5pm,closed,closed,home-delivered,10,Medi-Cal; Medicare; Private,15,true,false,true,/api/programs/P032/availability,300,1,,17,California,false,photo_id; proof_of_income; proof_of_address,104,90,Higher demand Nov-Jan,limited,11,8,2026-04-28,89
P033,Uber Health Rides for Families – Mission Viejo,transportation,rideshare_voucher,"3377 Beach Blvd, Mission Viejo, CA 92692",714-312-9508,https://uber-health-rides-for-families.org,all_orange_county,es; en; ko; vi,9am-6pm,9am-6pm,9am-6pm,9am-6pm,9am-6pm,9am-1pm,closed,home-delivered,0,,0,true,true,true,/api/programs/P033/availability,400,1,,17,Irvine,false,referral_from_hospital_or_doctor,126,75,,open,34,0,immediate,73
P034,Community Transit Assistance Program – Lake Forest,transportation,transit_subsidy,"9618 Oak Ave, Lake Forest, CA 92630",714-350-2788,https://community-transit-assistance-program.org,92808; 92648; 92646; 92675; 92804,en; tl; hy; fa; ar; zh; es; vi,10am-7pm,10am-7pm,10am-7pm,10am-7pm,10am-7pm,10am-3pm,closed,home-delivered,0,Medi-Cal; CHIP,0,true,true,true,/api/programs/P034/availability,300,1,,17,Anaheim,false,photo_id; proof_of_address,231,93,,limited,17,5,2026-04-25,93
P035,Medical Appointment Shuttle Service – Westminster,transportation,shuttle,"2985 Beach Blvd, Westminster, CA 92683",714-249-6344,https://medical-appointment-shuttle-service.org,all_orange_county,en; km; hy; zh; ar; vi; es,8am-4pm,8am-4pm,8am-4pm,8am-4pm,8am-4pm,closed,closed,in-person; home-delivered,10,Medi-Cal; CHIP,15,true,false,true,/api/programs/P035/availability,400,1,,21,Santa Ana,true,proof_of_income; proof_of_address,51,73,Holiday surge Dec,open,14,4,2026-04-24,72
P036,CHOC Family Transport Fund – Anaheim,transportation,hospital_transport,"6967 Euclid St, Anaheim, CA 92806",714-420-4784,https://choc-family-transport-fund.org,all_orange_county,en; hy; zh; tl; vi; fa; es,closed,9am-12pm,closed,9am-12pm,closed,9am-12pm,closed,in-person,0,Medi-Cal; Medicare; Private,0,true,false,true,/api/programs/P036/availability,250,1,,17,Santa Ana,false,proof_of_address,178,89,Waitlist common Aug-Sep,limited,21,4,2026-04-24,88
P037,Pediatric Therapy Transport Vouchers – Santa Ana,transportation,rideshare_voucher,"2396 Main St, Santa Ana, CA 92701",714-218-1223,https://pediatric-therapy-transport-vouchers.org,all_orange_county,en; hy; ar; fa; ko; zh; tl; vi; es,closed,9am-12pm,closed,9am-12pm,closed,9am-12pm,closed,home-delivered,0,Medi-Cal; CHIP,0,true,false,true,/api/programs/P037/availability,200,1,,,California,false,photo_id; proof_of_address,189,92,Higher demand Nov-Jan,full,7,14,2026-05-04,96
P038,Homeless Family Transport Program – Irvine,transportation,transit_subsidy,"5341 Elm Blvd, Irvine, CA 92612",714-829-3990,https://homeless-family-transport-program.org,92833; 92801; 92865; 92841; 92648; 92694,en; fa; ko; tl; es,8am-5pm,8am-5pm,8am-5pm,8am-5pm,8am-5pm,closed,closed,in-person,0,,0,true,false,true,/api/programs/P038/availability,400,1,,17,Santa Ana,false,photo_id; proof_of_income; proof_of_address,179,71,,open,50,1,2026-04-21,72
P039,Foster Care Transport Coordination – Orange,transportation,case_managed_transport,"8889 Elm Blvd, Orange, CA 92868",714-725-3898,https://foster-care-transport-coordination.org,92660; 92861; 92706; 92782; 92801; 92683; 92620; 92866,en; es; vi; zh,8am-5pm,8am-5pm,8am-5pm,8am-5pm,8am-5pm,closed,closed,in-person; telehealth,20,Private,0,true,false,true,/api/programs/P039/availability,300,1,,,Orange County,true,proof_of_income; proof_of_address,159,48,,open,77,0,immediate,51
P040,Dialysis & Specialty Care Transport – Garden Grove,transportation,nemt,"3720 Euclid St, Garden Grove, CA 92843",714-239-3471,https://dialysis-specialty-care-transport.org,all_orange_county,tl; en; fa; es; ar; ko; vi; km,9am-6pm,9am-6pm,9am-6pm,9am-6pm,9am-6pm,9am-1pm,closed,in-person; telehealth,0,Private,0,true,false,true,/api/programs/P040/availability,250,1,,21,Orange County,false,referral_from_hospital_or_doctor,131,34,Waitlist common Aug-Sep,open,81,0,immediate,38
P041,School-Based Transport Assistance – Fullerton,transportation,transit_subsidy,"5885 Oak Ave, Fullerton, CA 92831",714-968-8718,https://school-based-transport-assistance.org,all_orange_county,en; fa; es,10am-7pm,10am-7pm,10am-7pm,10am-7pm,10am-7pm,10am-3pm,closed,in-person,0,Private,0,false,true,true,/api/programs/P041/availability,300,1,,17,California,true,photo_id; proof_of_income; proof_of_address,159,55,Limited summer capacity,open,72,0,immediate,55
P042,Refugee Family Transport Support – Huntington Beach,transportation,transit_subsidy,"4535 Beach Blvd, Huntington Beach, CA 92648",714-541-4768,https://refugee-family-transport-support.org,92805; 92840; 92869; 92692; 92703; 92618; 92782; 92663,en; ko; zh; km; ar; vi; es,8am-5pm,8am-5pm,8am-5pm,8am-5pm,8am-5pm,closed,closed,hybrid,0,CHIP,0,false,false,true,/api/programs/P042/availability,250,1,,21,Irvine,true,photo_id,88,66,Holiday surge Dec,open,30,6,2026-04-26,65
P043,Disability Transport Coordination – Mission Viejo,transportation,paratransit,"3507 Main St, Mission Viejo, CA 92694",714-914-1030,https://disability-transport-coordination.org,92647; 92805; 92706; 92657; 92694; 92708,es; en; fa; ar,8am-4pm,8am-4pm,8am-4pm,8am-4pm,8am-4pm,closed,closed,hybrid,0,Medi-Cal; Medicare,0,false,false,true,/api/programs/P043/availability,200,1,,,Orange County,false,proof_of_address,261,36,Higher demand Nov-Jan,open,165,0,immediate,37
P044,OC Bus Pass Assistance Program – Lake Forest,transportation,transit_subsidy,"4697 Katella Ave, Lake Forest, CA 92688",714-984-7218,https://oc-bus-pass-assistance-program.org,92648; 92803; 92672; 92707; 92692; 92886,ar; en; es,9am-6pm,9am-6pm,9am-6pm,9am-6pm,9am-6pm,9am-1pm,closed,in-person; home-delivered,0,Medi-Cal; CHIP,0,true,false,true,/api/programs/P044/availability,300,1,,17,Santa Ana,true,proof_of_income; proof_of_address,69,88,Waitlist common Aug-Sep,limited,8,14,2026-05-04,88
P045,Prenatal & Postpartum Ride Program – Westminster,transportation,rideshare_voucher,"1200 Beach Blvd, Westminster, CA 92683",714-242-4989,https://prenatal-postpartum-ride-program.org,all_orange_county,en; fa; es,8am-4pm,8am-4pm,8am-4pm,8am-4pm,8am-4pm,closed,closed,in-person,20,Private,5,true,true,true,/api/programs/P045/availability,200,1,,17,Orange County,false,photo_id; proof_of_address,278,74,,open,63,4,2026-04-24,77
P046,Farmworker Family Transport – Anaheim,transportation,transit_subsidy,"1804 Elm Blvd, Anaheim, CA 92805",714-337-5127,https://farmworker-family-transport.org,92808; 92802; 92704,en; es; fa; ko; ar; km; zh; tl; hy; vi,closed,9am-12pm,closed,9am-12pm,closed,9am-12pm,closed,hybrid,0,Private,0,true,false,true,/api/programs/P046/availability,250,1,,17,Anaheim,true,photo_id; proof_of_income; proof_of_address,159,93,Higher demand Nov-Jan,limited,17,10,2026-04-30,89
P047,Mental Health Appointment Transport – Santa Ana,transportation,nemt,"5017 Harbor Blvd, Santa Ana, CA 92707",714-691-8418,https://mental-health-appointment-transport.org,92841; 92647; 92887; 92630; 92677; 92704,en; vi; fa; zh; km; es,9am-6pm,9am-6pm,9am-6pm,9am-6pm,9am-6pm,9am-1pm,closed,in-person; telehealth,0,Medi-Cal; Medicare,0,true,true,true,/api/programs/P047/availability,400,1,,,California,false,photo_id; proof_of_income; proof_of_address; ssn,177,47,Limited summer capacity,open,85,0,immediate,51
P048,Immigrant Family Transport Network – Irvine,transportation,volunteer_driver,"8912 Beach Blvd, Irvine, CA 92614",714-111-3506,https://immigrant-family-transport-network.org,92618; 92780; 92701; 92832; 92835; 92657,en; ko; zh; vi; es,8am-5pm,8am-5pm,8am-5pm,8am-5pm,8am-5pm,closed,closed,in-person; home-delivered,0,Medi-Cal,0,true,false,true,/api/programs/P048/availability,300,1,,17,Orange County,true,proof_of_address,88,79,Holiday surge Dec,limited,15,16,2026-05-06,82
P049,Telehealth Device Loan Program – Orange,transportation,telehealth_support,"1218 Oak Ave, Orange, CA 92861",714-647-6965,https://telehealth-device-loan-program.org,92612; 92870; 92831; 92648,hy; km; en; es,8am-4pm,8am-4pm,8am-4pm,8am-4pm,8am-4pm,closed,closed,home-delivered,0,,0,true,false,true,/api/programs/P049/availability,,1,,17,Santa Ana,false,photo_id; proof_of_address,122,78,Limited summer capacity,open,27,3,2026-04-23,78
P050,Hospital Discharge Transport Fund – Garden Grove,transportation,hospital_transport,"7251 Harbor Blvd, Garden Grove, CA 92845",714-899-3004,https://hospital-discharge-transport-fund.org,92660; 92780; 92675,es; en,8am-5pm,8am-5pm,8am-5pm,8am-5pm,8am-5pm,closed,closed,hybrid,0,CHIP,0,true,false,true,/api/programs/P050/availability,400,1,,21,California,false,photo_id; proof_of_address,71,30,,open,47,0,immediate,33
P051,CHOC Behavioral Health Outpatient – Anaheim,therapy,behavioral_health,"3570 Bristol St, Anaheim, CA 92804",714-123-3385,https://choc-behavioral-health-outpatient.org,all_orange_county,en; km; zh; es,9am-6pm,9am-6pm,9am-6pm,9am-6pm,9am-6pm,9am-1pm,closed,home-delivered,0,,0,true,false,true,/api/programs/P051/availability,200,1,0,12,Orange County,false,photo_id; proof_of_income; proof_of_address; ssn,20,66,Higher demand Nov-Jan,open,5,4,2026-04-24,70
P052,OC Mental Health Plan – Children's Services – Santa Ana,therapy,mental_health,"4620 Brookhurst St, Santa Ana, CA 92705",714-385-7411,https://oc-mental-health-plan-children-s-services.org,92886; 92672; 92677,en; zh; ko; fa; vi; es,8am-5pm,8am-5pm,8am-5pm,8am-5pm,8am-5pm,closed,closed,home-delivered,0,Medi-Cal; CHIP,0,true,false,true,/api/programs/P052/availability,250,1,0,5,Irvine,false,photo_id; proof_of_income; proof_of_address,83,69,,open,25,1,2026-04-21,70
P053,Early Start Regional Center – Irvine,therapy,early_intervention,"265 Elm Blvd, Irvine, CA 92614",714-574-9927,https://early-start-regional-center.org,92660; 92805; 92683; 92688,zh; en; tl; fa; es; hy,10am-7pm,10am-7pm,10am-7pm,10am-7pm,10am-7pm,10am-3pm,closed,in-person; home-delivered,0,Medi-Cal; Medicare,0,false,false,true,/api/programs/P053/availability,400,1,0,21,Orange County,false,referral_from_hospital_or_doctor,87,54,Increased availability summer,open,37,0,immediate,57
P054,Regional Center of Orange County – Therapy – Orange,therapy,developmental_therapy,"9981 Chapman Ave, Orange, CA 92867",714-504-3769,https://regional-center-of-orange-county-therapy.org,all_orange_county,en; zh; km; es,9am-6pm,9am-6pm,9am-6pm,9am-6pm,9am-6pm,9am-1pm,closed,home-delivered,10,Medi-Cal,15,true,false,true,/api/programs/P054/availability,400,1,5,,California,true,proof_of_address,121,84,Increased availability summer,limited,16,11,2026-05-01,86
P055,Pediatric Physical Therapy Clinic – Garden Grove,therapy,physical_therapy,"5121 Chapman Ave, Garden Grove, CA 92845",714-647-8665,https://pediatric-physical-therapy-clinic.org,all_orange_county,en; hy; km; zh; es,8am-5pm,8am-5pm,8am-5pm,8am-5pm,8am-5pm,closed,closed,hybrid,0,Medi-Cal; Medicare; Private,0,true,false,true,/api/programs/P055/availability,400,1,0,,Orange County,true,proof_of_income; proof_of_address,54,65,,open,17,2,2026-04-22,68
P056,Occupational Therapy for Kids OC – Fullerton,therapy,occupational_therapy,"7323 Main St, Fullerton, CA 92833",714-974-6163,https://occupational-therapy-for-kids-oc.org,92676; 92886; 92887; 92656; 92688; 92801; 92703,en; vi; fa; ar; zh; es,10am-7pm,10am-7pm,10am-7pm,10am-7pm,10am-7pm,10am-3pm,closed,telehealth,0,,0,true,false,true,/api/programs/P056/availability,400,1,2,12,Santa Ana,false,photo_id; proof_of_address,107,60,,open,37,3,2026-04-23,65
P057,Speech & Language Pathology Center – Huntington Beach,therapy,speech_therapy,"3710 Main St, Huntington Beach, CA 92647",714-823-8889,https://speech-language-pathology-center.org,92782; 92807; 92831,ar; en; es,8am-5pm,8am-5pm,8am-5pm,8am-5pm,8am-5pm,closed,closed,hybrid,25,Medi-Cal,15,true,true,true,/api/programs/P057/availability,400,1,0,12,Santa Ana,false,proof_of_address,99,46,,open,50,0,immediate,49
P058,ABA Therapy Services – Autism Support – Mission Viejo,therapy,aba_therapy,"4497 Elm Blvd, Mission Viejo, CA 92694",714-485-8155,https://aba-therapy-services-autism-support.org,all_orange_county,fa; en; zh; km; es; vi; ko; tl,8am-4pm,8am-4pm,8am-4pm,8am-4pm,8am-4pm,closed,closed,telehealth,10,Medi-Cal,0,true,false,true,/api/programs/P058/availability,300,1,0,12,Orange County,true,proof_of_address,130,38,Holiday surge Dec,open,84,0,immediate,35
P059,Play Therapy & Trauma Recovery Center – Lake Forest,therapy,play_therapy,"7914 Main St, Lake Forest, CA 92688",714-754-7664,https://play-therapy-trauma-recovery-center.org,all_orange_county,en; ar; fa; hy; ko; tl; zh; es,closed,9am-12pm,closed,9am-12pm,closed,9am-12pm,closed,hybrid,0,CHIP,0,true,false,true,/api/programs/P059/availability,250,1,0,21,Anaheim,true,photo_id; proof_of_address,130,88,Limited summer capacity,limited,10,3,2026-04-23,92
P060,Family Therapy & Counseling Services – Westminster,therapy,family_therapy,"4563 Katella Ave, Westminster, CA 92683",714-949-5589,https://family-therapy-counseling-services.org,all_orange_county,es; en; vi; tl; zh,9am-6pm,9am-6pm,9am-6pm,9am-6pm,9am-6pm,9am-1pm,closed,in-person,0,,0,false,true,true,/api/programs/P060/availability,200,1,0,17,Orange County,false,referral_from_hospital_or_doctor,74,59,Limited summer capacity,open,26,1,2026-04-21,64
P061,School-Based Mental Health Program – Anaheim,therapy,school_mental_health,"9000 Harbor Blvd, Anaheim, CA 92803",714-624-2978,https://school-based-mental-health-program.org,92808; 92672; 92703; 92831; 92694; 92804; 92692; 92612,en; ar; ko; zh; es,10am-7pm,10am-7pm,10am-7pm,10am-7pm,10am-7pm,10am-3pm,closed,hybrid,0,,0,true,false,true,/api/programs/P061/availability,250,1,0,5,Orange County,false,proof_of_income; proof_of_address,44,77,Increased availability summer,open,9,6,2026-04-26,78
P062,Telehealth Pediatric Therapy – Santa Ana,therapy,telehealth_therapy,"8834 Brookhurst St, Santa Ana, CA 92708",714-642-9121,https://telehealth-pediatric-therapy.org,all_orange_county,en; fa; ar; hy; ko; km; es,9am-6pm,9am-6pm,9am-6pm,9am-6pm,9am-6pm,9am-1pm,closed,home-delivered,0,Medi-Cal,0,false,false,true,/api/programs/P062/availability,300,1,2,5,Santa Ana,false,proof_of_income; proof_of_address,89,89,Higher demand Nov-Jan,limited,6,11,2026-05-01,92
P063,Trauma-Informed Care Clinic – Irvine,therapy,trauma_therapy,"6505 Main St, Irvine, CA 92612",714-178-6972,https://trauma-informed-care-clinic.org,all_orange_county,tl; en; es; vi; zh,9am-6pm,9am-6pm,9am-6pm,9am-6pm,9am-6pm,9am-1pm,closed,telehealth,0,Medi-Cal,0,true,false,true,/api/programs/P063/availability,200,1,0,12,California,true,photo_id; proof_of_address,58,43,,open,34,0,immediate,40
P064,Bilingual Child Therapy Services – Orange,therapy,mental_health,"5386 Beach Blvd, Orange, CA 92867",714-857-9458,https://bilingual-child-therapy-services.org,all_orange_county,en; hy; es,closed,9am-12pm,closed,9am-12pm,closed,9am-12pm,closed,home-delivered,25,Medi-Cal; Medicare; Private,20,true,true,true,/api/programs/P064/availability,250,1,0,5,California,false,photo_id; proof_of_income; proof_of_address; ssn,149,44,Higher demand Nov-Jan,open,88,0,immediate,40
P065,Infant Mental Health Program – Garden Grove,therapy,infant_mental_health,"7520 Brookhurst St, Garden Grove, CA 92844",714-485-7212,https://infant-mental-health-program.org,92805; 92807; 92708; 92843,en; fa; zh; tl; vi; es,8am-5pm,8am-5pm,8am-5pm,8am-5pm,8am-5pm,closed,closed,in-person; telehealth,25,Private,5,true,false,true,/api/programs/P065/availability,400,1,2,5,Irvine,false,proof_of_income; proof_of_address,99,61,Increased availability summer,open,36,6,2026-04-26,63
P066,Feeding Therapy Clinic – Fullerton,therapy,feeding_therapy,"2822 Oak Ave, Fullerton, CA 92833",714-414-3723,https://feeding-therapy-clinic.org,all_orange_county,es; vi; en; tl; fa; km; zh; hy,10am-7pm,10am-7pm,10am-7pm,10am-7pm,10am-7pm,10am-3pm,closed,in-person; telehealth,0,,0,false,false,true,/api/programs/P066/availability,250,1,0,17,Orange County,false,photo_id; proof_of_income; proof_of_address; ssn,101,86,Increased availability summer,limited,14,14,2026-05-04,85
P067,Sensory Integration Therapy – Huntington Beach,therapy,occupational_therapy,"548 Chapman Ave, Huntington Beach, CA 92647",714-202-8902,https://sensory-integration-therapy.org,92804; 92618; 92657; 92647,en; zh; fa; es,9am-6pm,9am-6pm,9am-6pm,9am-6pm,9am-6pm,9am-1pm,closed,in-person,0,Medi-Cal; Medicare,0,true,false,true,/api/programs/P067/availability,200,1,0,12,Santa Ana,true,proof_of_address,57,67,Waitlist common Aug-Sep,open,16,5,2026-04-25,71
P068,Pediatric Neuropsychology Services – Mission Viejo,therapy,neuropsychology,"2959 Main St, Mission Viejo, CA 92692",714-985-4537,https://pediatric-neuropsychology-services.org,all_orange_county,en; fa; zh; vi; tl; es; ko,8am-5pm,8am-5pm,8am-5pm,8am-5pm,8am-5pm,closed,closed,in-person; home-delivered,0,CHIP,0,true,false,true,/api/programs/P068/availability,200,1,0,17,Anaheim,true,photo_id; proof_of_income; proof_of_address; ssn,58,59,Increased availability summer,open,23,3,2026-04-23,60
P069,Child & Adolescent Psychiatry Clinic – Lake Forest,therapy,psychiatry,"3502 Main St, Lake Forest, CA 92630",714-671-5004,https://child-adolescent-psychiatry-clinic.org,all_orange_county,ar; km; tl; vi; ko; hy; en; es,8am-5pm,8am-5pm,8am-5pm,8am-5pm,8am-5pm,closed,closed,hybrid,10,Medi-Cal; Medicare; Private,5,true,false,true,/api/programs/P069/availability,300,1,0,21,Santa Ana,false,proof_of_address,115,46,Holiday surge Dec,open,65,0,immediate,43
P070,Grief & Loss Support for Children – Westminster,therapy,grief_therapy,"6829 Euclid St, Westminster, CA 92683",714-519-2467,https://grief-loss-support-for-children.org,92807; 92867; 92618; 92688; 92780; 92651,en; ko; zh; es; ar; fa; tl; km; hy,8am-4pm,8am-4pm,8am-4pm,8am-4pm,8am-4pm,closed,closed,in-person,25,Medi-Cal; Medicare; Private,10,true,false,true,/api/programs/P070/availability,400,1,0,5,Santa Ana,true,photo_id,121,94,,limited,6,3,2026-04-23,94
P071,Substance Abuse Family Support – Anaheim,therapy,substance_abuse,"9513 Main St, Anaheim, CA 92803",714-549-9174,https://substance-abuse-family-support.org,92801; 92833; 92808; 92802; 92708; 92865; 92843,vi; en; km; hy; zh; es; ko; tl,9am-6pm,9am-6pm,9am-6pm,9am-6pm,9am-6pm,9am-1pm,closed,hybrid,25,Medi-Cal; Medicare; Private,10,true,false,true,/api/programs/P071/availability,,1,0,21,Anaheim,false,photo_id; proof_of_income; proof_of_address; ssn,46,62,Increased availability summer,open,15,5,2026-04-25,67
P072,Developmental Pediatrics Clinic – Santa Ana,therapy,developmental_therapy,"3333 Oak Ave, Santa Ana, CA 92705",714-796-5025,https://developmental-pediatrics-clinic.org,92843; 92844; 92841; 92647,vi; ko; tl; ar; en; hy; es; fa,8am-5pm,8am-5pm,8am-5pm,8am-5pm,8am-5pm,closed,closed,telehealth,0,Medi-Cal; Medicare,0,true,false,true,/api/programs/P072/availability,300,1,0,,Santa Ana,true,proof_of_income; proof_of_address,52,92,,limited,5,3,2026-04-23,89
P073,Autism Diagnostic & Support Center – Irvine,therapy,autism_support,"7942 Main St, Irvine, CA 92618",714-687-8429,https://autism-diagnostic-support-center.org,92802; 92867; 92704; 92701; 92804; 92661; 92843; 92868,zh; es; en; fa; tl; ar; km; hy; vi; ko,9am-6pm,9am-6pm,9am-6pm,9am-6pm,9am-6pm,9am-1pm,closed,in-person,10,Medi-Cal,15,true,false,true,/api/programs/P073/availability,400,1,0,17,Orange County,true,proof_of_address,131,31,Higher demand Nov-Jan,open,92,0,immediate,30
P074,ADHD Evaluation & Therapy Program – Orange,therapy,adhd_support,"7378 Chapman Ave, Orange, CA 92867",714-653-8342,https://adhd-evaluation-therapy-program.org,all_orange_county,ko; hy; en; es; ar,8am-5pm,8am-5pm,8am-5pm,8am-5pm,8am-5pm,closed,closed,in-person; telehealth,20,Medi-Cal,15,false,false,true,/api/programs/P074/availability,300,1,0,5,Orange County,false,photo_id,100,65,Increased availability summer,open,33,5,2026-04-25,66
P075,Pediatric Pain Management Therapy – Garden Grove,therapy,pain_management,"8429 Oak Ave, Garden Grove, CA 92843",714-180-6686,https://pediatric-pain-management-therapy.org,all_orange_county,en; fa; ar; km; ko; es,10am-7pm,10am-7pm,10am-7pm,10am-7pm,10am-7pm,10am-3pm,closed,in-person; home-delivered,0,,0,true,false,true,/api/programs/P075/availability,400,1,0,12,Anaheim,false,photo_id,20,62,Limited summer capacity,open,7,6,2026-04-26,61
P076,OC Housing Authority – Section 8 Vouchers – Anaheim,housing,section_8,"6892 Elm Blvd, Anaheim, CA 92804",714-651-8358,https://oc-housing-authority-section-8-vouchers.org,all_orange_county,en; ar; ko; tl; es,9am-6pm,9am-6pm,9am-6pm,9am-6pm,9am-6pm,9am-1pm,closed,telehealth,10,Medi-Cal; CHIP,5,true,false,true,/api/programs/P076/availability,300,1,,21,Orange County,false,photo_id; proof_of_address,45,37,Higher demand Nov-Jan,open,26,0,immediate,41
P077,Emergency Family Shelter Network – Santa Ana,housing,emergency_shelter,"5156 Harbor Blvd, Santa Ana, CA 92705",714-241-8307,https://emergency-family-shelter-network.org,all_orange_county,hy; en; ko; km; fa; zh; es; vi; ar; tl,closed,9am-12pm,closed,9am-12pm,closed,9am-12pm,closed,telehealth,25,Medi-Cal; Medicare; Private,10,true,false,true,/api/programs/P077/availability,400,1,,17,California,false,photo_id; proof_of_address,27,47,Holiday surge Dec,open,14,0,immediate,45
P078,Rapid Rehousing for Families with Children – Irvine,housing,rapid_rehousing,"6112 Chapman Ave, Irvine, CA 92612",714-401-6978,https://rapid-rehousing-for-families-with-children.org,92692; 92887; 92694; 92708; 92801; 92870; 92653,en; zh; es; vi,9am-6pm,9am-6pm,9am-6pm,9am-6pm,9am-6pm,9am-1pm,closed,hybrid,0,Medi-Cal,0,false,false,true,/api/programs/P078/availability,400,1,,,California,true,photo_id; proof_of_address,36,47,Limited summer capacity,open,19,0,immediate,47
P079,Transitional Housing for Families – Orange,housing,transitional_housing,"1766 Harbor Blvd, Orange, CA 92866",714-596-2454,https://transitional-housing-for-families.org,92801; 92802; 92676,en; ar; km; fa; es,8am-5pm,8am-5pm,8am-5pm,8am-5pm,8am-5pm,closed,closed,telehealth,20,Private,5,true,false,true,/api/programs/P079/availability,,1,,21,Orange County,false,proof_of_income; proof_of_address,29,47,,open,16,0,immediate,44
P080,Permanent Supportive Housing – Families – Garden Grove,housing,permanent_supportive,"4734 Katella Ave, Garden Grove, CA 92845",714-215-3746,https://permanent-supportive-housing-families.org,all_orange_county,ar; es; hy; ko; tl; vi; en,10am-7pm,10am-7pm,10am-7pm,10am-7pm,10am-7pm,10am-3pm,closed,telehealth,0,Medi-Cal; Medicare; Private,0,true,false,true,/api/programs/P080/availability,300,1,,17,Anaheim,true,proof_of_address,93,84,,open,19,5,2026-04-25,79
P081,Homeless Prevention Rental Assistance – Fullerton,housing,rental_assistance,"1864 Main St, Fullerton, CA 92831",714-420-7863,https://homeless-prevention-rental-assistance.org,92805; 92801; 92866; 92661,en; fa; es; vi; ko,10am-7pm,10am-7pm,10am-7pm,10am-7pm,10am-7pm,10am-3pm,closed,in-person; home-delivered,25,Medi-Cal,20,true,true,true,/api/programs/P081/availability,300,1,,,Orange County,true,photo_id,95,92,,limited,5,12,2026-05-02,94
P082,CHOC Family Housing Assistance Fund – Huntington Beach,housing,hospital_housing_fund,"8209 Katella Ave, Huntington Beach, CA 92646",714-513-6820,https://choc-family-housing-assistance-fund.org,all_orange_county,hy; ko; es; zh; km; tl; vi; en,9am-6pm,9am-6pm,9am-6pm,9am-6pm,9am-6pm,9am-1pm,closed,in-person,10,Medi-Cal; CHIP,20,true,false,true,/api/programs/P082/availability,300,1,,21,Anaheim,true,photo_id; proof_of_address,94,78,Holiday surge Dec,open,23,4,2026-04-24,75
P083,Ronald McDonald House OC – Mission Viejo,housing,hospital_housing,"477 Main St, Mission Viejo, CA 92692",714-236-6681,https://ronald-mcdonald-house-oc.org,all_orange_county,fa; vi; tl; ko; en; ar; es; zh; km; hy,8am-5pm,8am-5pm,8am-5pm,8am-5pm,8am-5pm,closed,closed,telehealth,0,Medi-Cal; CHIP,0,true,false,true,/api/programs/P083/availability,,1,,21,Orange County,true,photo_id; proof_of_income; proof_of_address,39,72,Higher demand Nov-Jan,open,12,0,immediate,68
P084,Motel Voucher Program – Families – Lake Forest,housing,motel_voucher,"4463 Harbor Blvd, Lake Forest, CA 92688",714-217-7847,https://motel-voucher-program-families.org,92804; 92657; 92703; 92614; 92780; 92844; 92869,en; ko; ar; fa; es,9am-6pm,9am-6pm,9am-6pm,9am-6pm,9am-6pm,9am-1pm,closed,in-person,25,Medi-Cal; CHIP,0,true,true,true,/api/programs/P084/availability,400,1,,17,Santa Ana,false,photo_id,74,47,,open,36,0,immediate,50
P085,Domestic Violence Safe Housing – Westminster,housing,dv_shelter,"1940 Harbor Blvd, Westminster, CA 92683",714-391-4545,https://domestic-violence-safe-housing.org,all_orange_county,zh; vi; es; en; hy; fa; ko; ar; tl,8am-4pm,8am-4pm,8am-4pm,8am-4pm,8am-4pm,closed,closed,hybrid,25,Medi-Cal,15,true,true,true,/api/programs/P085/availability,250,1,,17,Orange County,false,proof_of_income; proof_of_address,86,85,Limited summer capacity,limited,15,14,2026-05-04,82
P086,Foster Care Housing Transition Support – Anaheim,housing,foster_housing,"5095 Brookhurst St, Anaheim, CA 92805",714-273-1489,https://foster-care-housing-transition-support.org,92648; 92801; 92780,zh; ar; ko; vi; es; km; hy; tl; fa; en,8am-5pm,8am-5pm,8am-5pm,8am-5pm,8am-5pm,closed,closed,telehealth,10,Medi-Cal; Medicare,5,true,false,true,/api/programs/P086/availability,300,1,,21,Anaheim,true,photo_id,97,62,,open,40,0,immediate,59
P087,Immigrant Family Housing Assistance – Santa Ana,housing,immigrant_housing,"5106 Beach Blvd, Santa Ana, CA 92705",714-423-3378,https://immigrant-family-housing-assistance.org,92801; 92802; 92612; 92661; 92630,tl; en; ar; zh; fa; es,8am-5pm,8am-5pm,8am-5pm,8am-5pm,8am-5pm,closed,closed,in-person,0,Medi-Cal; Medicare,0,false,false,true,/api/programs/P087/availability,200,1,,17,California,false,photo_id; proof_of_address,98,93,Limited summer capacity,limited,10,14,2026-05-04,89
P088,Utility Assistance Program – LIHEAP – Irvine,housing,utility_assistance,"1154 Main St, Irvine, CA 92630",714-286-4495,https://utility-assistance-program-liheap.org,92612; 92620; 92804; 92688; 92672,en; zh; tl; fa; es,8am-4pm,8am-4pm,8am-4pm,8am-4pm,8am-4pm,closed,closed,in-person,25,Medi-Cal,0,false,false,true,/api/programs/P088/availability,300,1,,21,Anaheim,true,proof_of_income; proof_of_address,67,86,,limited,8,11,2026-05-01,87
P089,Security Deposit Assistance Fund – Orange,housing,deposit_assistance,"3620 Main St, Orange, CA 92867",714-142-7297,https://security-deposit-assistance-fund.org,all_orange_county,zh; ar; vi; km; es; fa; tl; en; ko; hy,8am-4pm,8am-4pm,8am-4pm,8am-4pm,8am-4pm,closed,closed,in-person; telehealth,0,Medi-Cal; Medicare; Private,0,false,false,true,/api/programs/P089/availability,250,1,,,Orange County,true,photo_id,62,41,Increased availability summer,open,36,0,immediate,42
P090,Affordable Housing Waitlist Navigation – Garden Grove,housing,housing_navigation,"8894 Brookhurst St, Garden Grove, CA 92841",714-160-6014,https://affordable-housing-waitlist-navigation.org,92677; 92832; 92672; 92868; 92806,tl; hy; zh; vi; es; ar; ko; km; en; fa,9am-6pm,9am-6pm,9am-6pm,9am-6pm,9am-6pm,9am-1pm,closed,telehealth,25,Private,20,true,false,true,/api/programs/P090/availability,,1,,17,Orange County,false,photo_id,24,79,Higher demand Nov-Jan,limited,4,14,2026-05-04,82
P091,Pediatric Medical Housing Assistance – Fullerton,housing,medical_housing,"2412 Oak Ave, Fullerton, CA 92831",714-434-7586,https://pediatric-medical-housing-assistance.org,all_orange_county,tl; vi; zh; hy; ko; es; fa; ar; en,closed,9am-12pm,closed,9am-12pm,closed,9am-12pm,closed,home-delivered,20,Medi-Cal; CHIP,0,true,true,true,/api/programs/P091/availability,400,1,,,Irvine,false,photo_id; proof_of_income; proof_of_address; ssn,14,55,Limited summer capacity,open,6,0,immediate,57
P092,Farmworker Family Housing Program – Huntington Beach,housing,farmworker_housing,"5492 Katella Ave, Huntington Beach, CA 92648",714-793-6295,https://farmworker-family-housing-program.org,all_orange_county,zh; en; fa; es,8am-5pm,8am-5pm,8am-5pm,8am-5pm,8am-5pm,closed,closed,in-person; telehealth,0,Medi-Cal,0,true,true,true,/api/programs/P092/availability,200,1,,21,California,true,photo_id; proof_of_income; proof_of_address; ssn,29,31,Increased availability summer,open,19,0,immediate,34
P093,Refugee Resettlement Housing Support – Mission Viejo,housing,refugee_housing,"6856 Brookhurst St, Mission Viejo, CA 92692",714-327-5629,https://refugee-resettlement-housing-support.org,all_orange_county,en; zh; hy; tl; fa; ko; es,8am-5pm,8am-5pm,8am-5pm,8am-5pm,8am-5pm,closed,closed,in-person,25,Medi-Cal; Medicare,10,true,false,true,/api/programs/P093/availability,250,1,,17,Santa Ana,false,photo_id; proof_of_income; proof_of_address,90,83,Holiday surge Dec,limited,12,9,2026-04-29,86
P094,Teen Parent Housing Program – Lake Forest,housing,teen_parent_housing,"3251 Harbor Blvd, Lake Forest, CA 92630",714-945-4278,https://teen-parent-housing-program.org,92780; 92835; 92701; 92614,en; hy; ko; es,10am-7pm,10am-7pm,10am-7pm,10am-7pm,10am-7pm,10am-3pm,closed,telehealth,25,Medi-Cal,15,true,false,true,/api/programs/P094/availability,400,1,,,Santa Ana,true,proof_of_address,83,53,,open,35,0,immediate,57
P095,Sober Living Family Housing – Westminster,housing,sober_living,"5780 Katella Ave, Westminster, CA 92683",714-562-7947,https://sober-living-family-housing.org,92805; 92683; 92808; 92620; 92886; 92780; 92806,en; fa; ar; km; es,closed,9am-12pm,closed,9am-12pm,closed,9am-12pm,closed,telehealth,0,Medi-Cal,0,true,false,true,/api/programs/P095/availability,250,1,,,Irvine,true,photo_id,93,72,Increased availability summer,open,28,6,2026-04-26,69
P096,Disability-Accessible Housing Placement – Anaheim,housing,accessible_housing,"8297 Bristol St, Anaheim, CA 92803",714-997-9588,https://disability-accessible-housing-placement.org,92807; 92832; 92612; 92780; 92677; 92651; 92845; 92870,en; es; hy; zh; vi; fa; ko; tl; km; ar,9am-6pm,9am-6pm,9am-6pm,9am-6pm,9am-6pm,9am-1pm,closed,telehealth,0,Medi-Cal; Medicare,0,true,false,true,/api/programs/P096/availability,,1,,,California,true,proof_of_income; proof_of_address,89,60,Increased availability summer,open,31,0,immediate,64
P097,Veteran Family Housing Assistance – Santa Ana,housing,veteran_housing,"1782 Oak Ave, Santa Ana, CA 92704",714-709-1067,https://veteran-family-housing-assistance.org,all_orange_county,en; fa; ar; hy; es,10am-7pm,10am-7pm,10am-7pm,10am-7pm,10am-7pm,10am-3pm,closed,in-person,10,Medi-Cal; Medicare; Private,15,false,false,true,/api/programs/P097/availability,300,1,,21,Orange County,false,photo_id; proof_of_address,31,47,,open,14,0,immediate,52
P098,Back-to-School Housing Stability Fund – Irvine,housing,rental_assistance,"5797 Harbor Blvd, Irvine, CA 92612",714-423-3603,https://back-to-school-housing-stability-fund.org,92660; 92886; 92612; 92780,en; fa; ko; zh; tl; es,9am-6pm,9am-6pm,9am-6pm,9am-6pm,9am-6pm,9am-1pm,closed,home-delivered,0,Medi-Cal; CHIP,0,false,true,true,/api/programs/P098/availability,250,1,,17,California,false,photo_id; proof_of_income; proof_of_address; ssn,39,62,Increased availability summer,open,13,5,2026-04-25,65
P099,Medi-Cal Housing Support Services – Orange,housing,medical_housing,"5438 Main St, Orange, CA 92861",714-326-5729,https://medi-cal-housing-support-services.org,all_orange_county,zh; ar; en; km; fa; es,10am-7pm,10am-7pm,10am-7pm,10am-7pm,10am-7pm,10am-3pm,closed,home-delivered,25,Medi-Cal,0,true,true,true,/api/programs/P099/availability,,1,,,Santa Ana,true,proof_of_income; proof_of_address,98,63,Increased availability summer,open,40,0,immediate,59
P100,OC Community Development Housing Grants – Garden Grove,housing,housing_grant,"2003 Bristol St, Garden Grove, CA 92845",714-744-5905,https://oc-community-development-housing-grants.org,92677; 92612; 92706; 92801; 92656; 92657; 92694,km; es; ar; ko; vi; en,8am-5pm,8am-5pm,8am-5pm,8am-5pm,8am-5pm,closed,closed,telehealth,0,Medi-Cal; Medicare; Private,0,false,false,true,/api/programs/P100/availability,300,1,,17,Irvine,true,photo_id; proof_of_address,33,39,,open,19,0,immediate,40
P101,Community Garden Share Program – Anaheim,food,community_garden,"1303 Bristol St, Anaheim, CA 92806",714-252-4388,https://community-garden-share-program.org,all_orange_county,hy; en; km; tl; es,8am-4pm,8am-4pm,8am-4pm,8am-4pm,8am-4pm,closed,closed,in-person,0,Medi-Cal,5,true,false,true,/api/programs/P101/availability,250,1,,17,California,true,photo_id; proof_of_income; proof_of_address; ssn,43,71,,open,10,0,immediate,76
P102,Pediatric Formula & Baby Food Bank – Anaheim,food,infant_nutrition,"5851 Chapman Ave, Anaheim, CA 92807",714-786-8849,https://pediatric-formula-baby-food-bank.org,92806; 92805; 92841; 92672,fa; ar; vi; zh; en,10am-7pm,10am-7pm,10am-7pm,10am-7pm,10am-7pm,10am-3pm,closed,hybrid,10,CHIP,0,true,true,true,/api/programs/P102/availability,250,1,,,Orange County,false,photo_id,121,69,Higher demand Nov-Jan,open,36,6,2026-04-26,70
P103,Halal Food Pantry OC – Anaheim,food,food_pantry,"2226 Harbor Blvd, Anaheim, CA 92801",714-436-9330,https://halal-food-pantry-oc.org,92867; 92656; 92802,en; tl; ko; es; km; hy; vi; fa; ar,8am-4pm,8am-4pm,8am-4pm,8am-4pm,8am-4pm,closed,closed,telehealth,0,Private,0,true,false,true,/api/programs/P103/availability,200,1,,17,Orange County,true,photo_id; proof_of_income; proof_of_address,35,81,Higher demand Nov-Jan,limited,6,14,2026-05-04,80
P104,Kosher Food Assistance Program – Anaheim,food,food_pantry,"4741 Chapman Ave, Anaheim, CA 92806",714-997-9879,https://kosher-food-assistance-program.org,all_orange_county,en; es; ko; fa,10am-7pm,10am-7pm,10am-7pm,10am-7pm,10am-7pm,10am-3pm,closed,telehealth,20,,10,false,true,true,/api/programs/P104/availability,250,1,,,California,true,photo_id; proof_of_income; proof_of_address; ssn,55,61,Waitlist common Aug-Sep,open,21,5,2026-04-25,61
P105,Vegan Family Food Pantry – Garden Grove,food,food_pantry,"8381 Main St, Garden Grove, CA 92840",714-285-7004,https://vegan-family-food-pantry.org,all_orange_county,fa; zh; ko; hy; en,8am-4pm,8am-4pm,8am-4pm,8am-4pm,8am-4pm,closed,closed,in-person; telehealth,0,Private,5,false,false,true,/api/programs/P105/availability,250,1,,17,California,false,referral_from_hospital_or_doctor,144,84,,limited,17,16,2026-05-06,88
P106,Organic Baby Food Assistance – Orange,food,infant_nutrition,"9947 Chapman Ave, Orange, CA 92861",714-428-3757,https://organic-baby-food-assistance.org,92868; 92887; 92708; 92688; 92694; 92807,en; tl; es; vi,8am-5pm,8am-5pm,8am-5pm,8am-5pm,8am-5pm,closed,closed,in-person; home-delivered,10,,5,true,false,true,/api/programs/P106/availability,200,1,,,California,false,referral_from_hospital_or_doctor,154,93,,limited,12,6,2026-04-26,92
P107,Diabetic-Friendly Food Pantry – Anaheim,food,food_pantry,"9466 Oak Ave, Anaheim, CA 92808",714-815-7268,https://diabetic-friendly-food-pantry.org,92651; 92802; 92831,en; zh; vi; km; ar,10am-7pm,10am-7pm,10am-7pm,10am-7pm,10am-7pm,10am-3pm,closed,hybrid,0,CHIP,0,true,false,true,/api/programs/P107/availability,185,1,,21,California,true,photo_id; proof_of_income; proof_of_address,86,40,Waitlist common Aug-Sep,open,48,0,immediate,44
P108,Gluten-Free Family Food Program – Garden Grove,food,food_pantry,"7550 Oak Ave, Garden Grove, CA 92840",714-332-7515,https://gluten-free-family-food-program.org,all_orange_county,en; vi; fa; tl; km; hy,10am-7pm,10am-7pm,10am-7pm,10am-7pm,10am-7pm,10am-3pm,closed,home-delivered,20,Private,0,true,false,true,/api/programs/P108/availability,130,1,,21,California,true,photo_id; proof_of_income; proof_of_address,52,32,,open,35,0,immediate,32
P109,SNAP Application Assistance Center – Anaheim,food,snap,"4966 Oak Ave, Anaheim, CA 92805",714-327-4637,https://snap-application-assistance-center.org,all_orange_county,hy; en; es; vi; zh; fa; km; tl,10am-7pm,10am-7pm,10am-7pm,10am-7pm,10am-7pm,10am-3pm,closed,hybrid,10,,5,true,false,true,/api/programs/P109/availability,185,1,,21,California,false,photo_id; proof_of_address,112,91,,limited,12,7,2026-04-27,89
P110,Pediatric Oncology Nutrition Support – Fullerton,food,nutrition_support,"6501 Bristol St, Fullerton, CA 92832",714-995-4246,https://pediatric-oncology-nutrition-support.org,all_orange_county,en; ko; ar; zh,8am-5pm,8am-5pm,8am-5pm,8am-5pm,8am-5pm,closed,closed,in-person; telehealth,10,Medi-Cal,0,true,false,true,/api/programs/P110/availability,130,1,,17,Orange County,true,photo_id,62,45,,open,36,0,immediate,41
P111,Breastfeeding Support & Nutrition – Lake Forest,food,infant_nutrition,"7333 Main St, Lake Forest, CA 92688",714-581-5485,https://breastfeeding-support-nutrition.org,92801; 92807; 92841; 92705; 92675,en; vi; hy,9am-6pm,9am-6pm,9am-6pm,9am-6pm,9am-6pm,9am-1pm,closed,home-delivered,0,CHIP,10,true,false,true,/api/programs/P111/availability,250,1,,21,Orange County,true,referral_from_hospital_or_doctor,73,94,Increased availability summer,limited,7,5,2026-04-25,90
P112,Immigrant Family Food Assistance – Anaheim,food,food_pantry,"2064 Main St, Anaheim, CA 92807",714-174-9791,https://immigrant-family-food-assistance.org,92844; 92835; 92805,en; vi; km,8am-4pm,8am-4pm,8am-4pm,8am-4pm,8am-4pm,closed,closed,home-delivered,20,Medi-Cal; Medicare; Private,0,true,false,true,/api/programs/P112/availability,,1,,17,California,true,photo_id; proof_of_income; proof_of_address; ssn,191,37,Limited summer capacity,open,126,0,immediate,34
P113,Refugee Nutrition Program OC – Anaheim,food,food_bank,"1259 Oak Ave, Anaheim, CA 92804",714-609-3317,https://refugee-nutrition-program-oc.org,92801; 92705; 92832; 92648; 92706,zh; km; fa; en; ko; tl; vi,8am-5pm,8am-5pm,8am-5pm,8am-5pm,8am-5pm,closed,closed,in-person; telehealth,0,Medi-Cal,0,true,false,true,/api/programs/P113/availability,200,1,,17,Orange County,true,referral_from_hospital_or_doctor,156,85,,limited,25,8,2026-04-28,84
P114,Holiday Meal Delivery Program – Anaheim,food,home_delivered_meals,"1329 Main St, Anaheim, CA 92806",714-917-7527,https://holiday-meal-delivery-program.org,92868; 92801; 92802; 92870,en; es; vi; fa; km; ko; hy; ar,8am-4pm,8am-4pm,8am-4pm,8am-4pm,8am-4pm,closed,closed,in-person,0,Medi-Cal; Medicare,5,true,false,true,/api/programs/P114/availability,,1,,17,California,false,photo_id,174,36,,open,104,0,immediate,40
P115,Weekend Backpack Food Program – Garden Grove,food,school_meals,"8546 Main St, Garden Grove, CA 92841",714-252-8402,https://weekend-backpack-food-program.org,92803; 92660; 92612; 92661; 92831; 92672,en; km; ar; fa,closed,9am-12pm,closed,9am-12pm,closed,9am-12pm,closed,in-person,0,CHIP,0,true,false,true,/api/programs/P115/availability,130,1,,21,California,true,photo_id; proof_of_income; proof_of_address,196,41,Higher demand Nov-Jan,open,121,0,immediate,38
P116,NICU Family Meal Vouchers – Lake Forest,food,nutrition_support,"4921 Chapman Ave, Lake Forest, CA 92630",714-509-1047,https://nicu-family-meal-vouchers.org,92886; 92869; 92672; 92614; 92677; 92840,en; zh; vi,10am-7pm,10am-7pm,10am-7pm,10am-7pm,10am-7pm,10am-3pm,closed,telehealth,10,,5,true,true,true,/api/programs/P116/availability,185,1,,17,California,true,photo_id; proof_of_address,113,56,Increased availability summer,open,54,0,immediate,52
P117,Pediatric Renal Diet Support – Garden Grove,food,nutrition_support,"5560 Chapman Ave, Garden Grove, CA 92840",714-947-9714,https://pediatric-renal-diet-support.org,all_orange_county,en; ar; fa; tl,10am-7pm,10am-7pm,10am-7pm,10am-7pm,10am-7pm,10am-3pm,closed,in-person; home-delivered,0,Medi-Cal; Medicare; Private,10,true,true,true,/api/programs/P117/availability,130,1,,21,California,false,photo_id; proof_of_income; proof_of_address; ssn,92,64,Higher demand Nov-Jan,open,37,0,immediate,60
P118,Allergy-Safe Food Pantry – Irvine,food,food_pantry,"5454 Main St, Irvine, CA 92612",714-261-2655,https://allergy-safe-food-pantry.org,all_orange_county,en; zh; hy,10am-7pm,10am-7pm,10am-7pm,10am-7pm,10am-7pm,10am-3pm,closed,home-delivered,0,Medi-Cal,0,true,false,true,/api/programs/P118/availability,130,1,,17,Orange County,false,photo_id; proof_of_income; proof_of_address; ssn,171,69,Limited summer capacity,open,47,3,2026-04-23,72
P119,Community Supported Agriculture Share – Anaheim,food,community_garden,"9053 Harbor Blvd, Anaheim, CA 92801",714-362-7828,https://community-supported-agriculture-share.org,all_orange_county,ar; en; ko,8am-5pm,8am-5pm,8am-5pm,8am-5pm,8am-5pm,closed,closed,hybrid,0,Medi-Cal,10,true,false,true,/api/programs/P119/availability,130,1,,21,Orange County,true,photo_id; proof_of_income; proof_of_address; ssn,112,86,Limited summer capacity,limited,17,11,2026-05-01,84
P120,Mobile Food Pantry – OC Routes – Anaheim,food,food_bank,"5892 Main St, Anaheim, CA 92803",714-135-7936,https://mobile-food-pantry-oc-routes.org,all_orange_county,vi; fa; km; en; hy; tl,8am-5pm,8am-5pm,8am-5pm,8am-5pm,8am-5pm,closed,closed,home-delivered,0,Medi-Cal; Medicare,5,false,false,true,/api/programs/P120/availability,,1,,,Orange County,true,proof_of_income; proof_of_address,41,76,Higher demand Nov-Jan,open,11,0,immediate,73
P121,Produce Box Home Delivery – Huntington Beach,food,home_delivered_meals,"9693 Oak Ave, Huntington Beach, CA 92648",714-582-2386,https://produce-box-home-delivery.org,92675; 92677; 92843,en; ko; ar; km,9am-6pm,9am-6pm,9am-6pm,9am-6pm,9am-6pm,9am-1pm,closed,telehealth,10,Medi-Cal,0,true,true,true,/api/programs/P121/availability,130,1,,17,Orange County,true,photo_id; proof_of_income; proof_of_address; ssn,85,41,Waitlist common Aug-Sep,open,50,0,immediate,41
P122,Pediatric Tube Feeding Supply Program – Orange,food,nutrition_support,"3538 Main St, Orange, CA 92867",714-157-9552,https://pediatric-tube-feeding-supply-program.org,all_orange_county,hy; vi; ar; tl; en,8am-5pm,8am-5pm,8am-5pm,8am-5pm,8am-5pm,closed,closed,telehealth,20,CHIP,10,true,false,true,/api/programs/P122/availability,250,1,,21,California,false,proof_of_address,98,91,Waitlist common Aug-Sep,limited,8,13,2026-05-03,91
P123,Foster Family Food Assistance – Huntington Beach,food,food_pantry,"3774 Bristol St, Huntington Beach, CA 92647",714-143-1970,https://foster-family-food-assistance.org,92835; 92869; 92612; 92843,km; en; tl,8am-5pm,8am-5pm,8am-5pm,8am-5pm,8am-5pm,closed,closed,in-person,10,,5,false,false,true,/api/programs/P123/availability,130,1,,,Orange County,false,referral_from_hospital_or_doctor,45,76,,open,9,5,2026-04-25,79
P124,Teen Parent Nutrition Program – Mission Viejo,food,nutrition_support,"7008 Harbor Blvd, Mission Viejo, CA 92692",714-332-1707,https://teen-parent-nutrition-program.org,all_orange_county,es; en; zh; hy; ko,8am-5pm,8am-5pm,8am-5pm,8am-5pm,8am-5pm,closed,closed,in-person; telehealth,0,Medi-Cal,10,true,false,true,/api/programs/P124/availability,,1,,17,Orange County,false,referral_from_hospital_or_doctor,189,77,Waitlist common Aug-Sep,limited,35,8,2026-04-28,81
P125,Postpartum Meal Delivery Service – Anaheim,food,home_delivered_meals,"7645 Bristol St, Anaheim, CA 92801",714-603-9686,https://postpartum-meal-delivery-service.org,all_orange_county,hy; vi; fa; km; en; tl; ar,9am-6pm,9am-6pm,9am-6pm,9am-6pm,9am-6pm,9am-1pm,closed,in-person,0,CHIP,0,true,false,true,/api/programs/P125/availability,130,1,,17,Orange County,false,photo_id; proof_of_income; proof_of_address,99,46,,open,53,0,immediate,46
P126,Rapid Rehousing – Pediatric Discharge – Anaheim,housing,rapid_rehousing,"5245 Chapman Ave, Anaheim, CA 92805",714-166-9676,https://rapid-rehousing-pediatric-discharge.org,all_orange_county,tl; es; km; en; vi,10am-7pm,10am-7pm,10am-7pm,10am-7pm,10am-7pm,10am-3pm,closed,telehealth,0,Private,0,true,false,true,/api/programs/P126/availability,250,1,,21,Orange County,true,proof_of_income; proof_of_address,154,63,Waitlist common Aug-Sep,open,64,0,immediate,58
P127,Medical Respite Housing Program – Santa Ana,housing,medical_housing,"7109 Oak Ave, Santa Ana, CA 92704",714-589-9458,https://medical-respite-housing-program.org,92706; 92672; 92620,ar; zh; en; es; fa; ko; tl,8am-4pm,8am-4pm,8am-4pm,8am-4pm,8am-4pm,closed,closed,in-person,0,,10,false,true,true,/api/programs/P127/availability,,1,,17,California,true,photo_id,183,73,Higher demand Nov-Jan,open,44,0,immediate,76
P128,Transitional Housing – Teen Mothers – Garden Grove,housing,teen_parent_housing,"2157 Main St, Garden Grove, CA 92845",714-141-3687,https://transitional-housing-teen-mothers.org,92844; 92630; 92887; 92676; 92870; 92833,en; hy; fa,9am-6pm,9am-6pm,9am-6pm,9am-6pm,9am-6pm,9am-1pm,closed,in-person,0,Medi-Cal,5,true,false,true,/api/programs/P128/availability,130,1,,,California,false,proof_of_address,122,88,,limited,16,4,2026-04-24,87
P129,Affordable Rental Navigation OC – Garden Grove,housing,housing_navigation,"4253 Oak Ave, Garden Grove, CA 92844",714-592-1564,https://affordable-rental-navigation-oc.org,92841; 92803; 92835; 92887,ar; ko; vi; es; fa; en; tl; km,10am-7pm,10am-7pm,10am-7pm,10am-7pm,10am-7pm,10am-3pm,closed,telehealth,10,,5,true,false,true,/api/programs/P129/availability,200,1,,17,California,false,referral_from_hospital_or_doctor,142,84,Waitlist common Aug-Sep,limited,20,3,2026-04-23,85
P130,Emergency Utility Shutoff Prevention – Santa Ana,housing,utility_assistance,"6100 Chapman Ave, Santa Ana, CA 92701",714-790-8158,https://emergency-utility-shutoff-prevention.org,92831; 92651; 92704; 92612; 92701,ar; en; es; vi; zh; fa; ko; hy,8am-5pm,8am-5pm,8am-5pm,8am-5pm,8am-5pm,closed,closed,in-person,0,,0,true,false,true,/api/programs/P130/availability,185,1,,21,Orange County,true,photo_id; proof_of_address,56,48,Holiday surge Dec,open,31,0,immediate,45
P131,Pediatric Discharge Housing Fund – Garden Grove,housing,hospital_housing_fund,"4886 Oak Ave, Garden Grove, CA 92843",714-965-1340,https://pediatric-discharge-housing-fund.org,all_orange_county,en; hy; fa; es; vi; zh; km,10am-7pm,10am-7pm,10am-7pm,10am-7pm,10am-7pm,10am-3pm,closed,in-person; telehealth,0,Medi-Cal; Medicare,5,true,false,true,/api/programs/P131/availability,185,1,,,Orange County,true,photo_id; proof_of_income; proof_of_address,141,86,Waitlist common Aug-Sep,limited,24,15,2026-05-05,83
P132,Motel Voucher – Medical Emergency – Westminster,housing,motel_voucher,"928 Oak Ave, Westminster, CA 92683",714-627-6592,https://motel-voucher-medical-emergency.org,all_orange_county,en; km; es; vi; ar,8am-4pm,8am-4pm,8am-4pm,8am-4pm,8am-4pm,closed,closed,telehealth,0,Medi-Cal; Medicare; Private,10,false,false,true,/api/programs/P132/availability,185,1,,21,California,false,proof_of_income; proof_of_address,83,49,Waitlist common Aug-Sep,open,42,0,immediate,49
P133,Rental Arrears Assistance Program – Santa Ana,housing,rental_assistance,"3279 Oak Ave, Santa Ana, CA 92705",714-819-3130,https://rental-arrears-assistance-program.org,92807; 92802; 92868,en; hy; vi; tl,10am-7pm,10am-7pm,10am-7pm,10am-7pm,10am-7pm,10am-3pm,closed,home-delivered,0,CHIP,0,true,false,true,/api/programs/P133/availability,200,1,,17,California,false,proof_of_address,158,32,Waitlist common Aug-Sep,open,100,0,immediate,37
P134,Homeless Youth & Family Shelter – Anaheim,housing,emergency_shelter,"4240 Main St, Anaheim, CA 92806",714-808-9820,https://homeless-youth-family-shelter.org,92865; 92701; 92656; 92647,en; vi; km; es; tl; ko; fa,8am-4pm,8am-4pm,8am-4pm,8am-4pm,8am-4pm,closed,closed,in-person; home-delivered,10,Medi-Cal; CHIP,5,false,false,true,/api/programs/P134/availability,250,1,,17,California,true,photo_id,108,37,Holiday surge Dec,open,67,0,immediate,37
P135,Permanent Housing Placement Services – Santa Ana,housing,permanent_supportive,"698 Chapman Ave, Santa Ana, CA 92704",714-241-9177,https://permanent-housing-placement-services.org,all_orange_county,ar; ko; en,10am-7pm,10am-7pm,10am-7pm,10am-7pm,10am-7pm,10am-3pm,closed,in-person,10,Medi-Cal; Medicare,0,true,true,true,/api/programs/P135/availability,200,1,,,Orange County,false,proof_of_address,32,45,Holiday surge Dec,open,16,0,immediate,50
P136,Housing First – Families with Children – Santa Ana,housing,permanent_supportive,"8050 Chapman Ave, Santa Ana, CA 92706",714-423-2561,https://housing-first-families-with-children.org,all_orange_county,zh; es; tl; fa; en; ko,9am-6pm,9am-6pm,9am-6pm,9am-6pm,9am-6pm,9am-1pm,closed,telehealth,10,CHIP,10,true,false,true,/api/programs/P136/availability,185,1,,21,Orange County,false,photo_id,198,88,Increased availability summer,limited,16,13,2026-05-03,91
P137,Eviction Prevention Legal Aid – Orange,housing,housing_navigation,"4006 Main St, Orange, CA 92867",714-549-8051,https://eviction-prevention-legal-aid.org,all_orange_county,en; es; ar; ko; km; zh; tl,closed,9am-12pm,closed,9am-12pm,closed,9am-12pm,closed,in-person,0,Medi-Cal; CHIP,0,false,false,true,/api/programs/P137/availability,185,1,,,California,true,photo_id; proof_of_address,156,77,Holiday surge Dec,open,42,6,2026-04-26,73
P138,Section 8 Waitlist Navigation – Santa Ana,housing,section_8,"3511 Harbor Blvd, Santa Ana, CA 92703",714-393-9486,https://section-8-waitlist-navigation.org,92861; 92620; 92867; 92802; 92677; 92801,en; ar; km; es,9am-6pm,9am-6pm,9am-6pm,9am-6pm,9am-6pm,9am-1pm,closed,home-delivered,0,Medi-Cal; Medicare; Private,0,true,false,true,/api/programs/P138/availability,250,1,,21,California,false,photo_id,177,41,Increased availability summer,open,99,0,immediate,44
P139,Accessible Home Modification Program – Fullerton,housing,accessible_housing,"4374 Main St, Fullerton, CA 92833",714-180-7357,https://accessible-home-modification-program.org,92782; 92704; 92705; 92614; 92801,en; km; zh; hy,8am-4pm,8am-4pm,8am-4pm,8am-4pm,8am-4pm,closed,closed,in-person,0,Medi-Cal; Medicare; Private,0,true,false,true,/api/programs/P139/availability,,1,,17,California,false,photo_id; proof_of_address,139,54,,open,59,0,immediate,57
P140,Domestic Violence Emergency Housing – Irvine,housing,dv_shelter,"4384 Main St, Irvine, CA 92630",714-669-3514,https://domestic-violence-emergency-housing.org,all_orange_county,km; en; zh; es,8am-5pm,8am-5pm,8am-5pm,8am-5pm,8am-5pm,closed,closed,in-person; home-delivered,20,,0,true,false,true,/api/programs/P140/availability,185,1,,17,California,false,proof_of_address,49,34,Higher demand Nov-Jan,open,33,0,immediate,31
P141,Immigrant Family Emergency Shelter – Garden Grove,housing,emergency_shelter,"6800 Oak Ave, Garden Grove, CA 92844",714-277-4669,https://immigrant-family-emergency-shelter.org,all_orange_county,zh; en; hy,10am-7pm,10am-7pm,10am-7pm,10am-7pm,10am-7pm,10am-3pm,closed,in-person,0,Medi-Cal; CHIP,5,true,false,true,/api/programs/P141/availability,,1,,21,Orange County,true,photo_id; proof_of_income; proof_of_address,42,40,Waitlist common Aug-Sep,open,26,0,immediate,36
P142,Foster Care Aging Out Housing – Orange,housing,foster_housing,"3608 Oak Ave, Orange, CA 92867",714-941-3189,https://foster-care-aging-out-housing.org,all_orange_county,hy; es; km; zh; fa; ar; ko; en,9am-6pm,9am-6pm,9am-6pm,9am-6pm,9am-6pm,9am-1pm,closed,telehealth,0,Private,10,true,false,true,/api/programs/P142/availability,185,1,,17,Orange County,true,photo_id; proof_of_address,170,85,Holiday surge Dec,limited,33,7,2026-04-27,80
P143,Veteran Family Emergency Housing – Irvine,housing,veteran_housing,"1105 Chapman Ave, Irvine, CA 92630",714-909-7788,https://veteran-family-emergency-housing.org,all_orange_county,en; km; ko,8am-5pm,8am-5pm,8am-5pm,8am-5pm,8am-5pm,closed,closed,hybrid,10,Medi-Cal; CHIP,0,true,false,true,/api/programs/P143/availability,130,1,,17,California,false,proof_of_address,32,47,,open,17,0,immediate,47
P144,LIHEAP Energy Assistance Program – Santa Ana,housing,utility_assistance,"7583 Chapman Ave, Santa Ana, CA 92707",714-188-5216,https://liheap-energy-assistance-program.org,all_orange_county,en; ko; zh; vi; km; fa; hy; es; ar,9am-6pm,9am-6pm,9am-6pm,9am-6pm,9am-6pm,9am-1pm,closed,hybrid,0,Medi-Cal; Medicare,0,true,false,true,/api/programs/P144/availability,200,1,,21,Orange County,false,referral_from_hospital_or_doctor,97,44,,open,54,0,immediate,43
P145,Pediatric Hospice Family Housing – Huntington Beach,housing,medical_housing,"7806 Chapman Ave, Huntington Beach, CA 92648",714-413-5857,https://pediatric-hospice-family-housing.org,92651; 92808; 92866; 92647; 92804,vi; ar; ko; zh; km; tl; en; hy,9am-6pm,9am-6pm,9am-6pm,9am-6pm,9am-6pm,9am-1pm,closed,home-delivered,0,Medi-Cal; CHIP,0,false,false,true,/api/programs/P145/availability,185,1,,17,California,false,referral_from_hospital_or_doctor,179,47,Higher demand Nov-Jan,open,90,0,immediate,50
P146,Transitional Housing – Substance Recovery – Garden Grove,housing,sober_living,"1110 Bristol St, Garden Grove, CA 92843",714-293-2804,https://transitional-housing-substance-recovery.org,all_orange_county,en; tl; zh; vi; hy; km; es,9am-6pm,9am-6pm,9am-6pm,9am-6pm,9am-6pm,9am-1pm,closed,in-person,0,Medi-Cal; CHIP,0,false,false,true,/api/programs/P146/availability,200,1,,17,California,false,photo_id; proof_of_income; proof_of_address; ssn,72,30,Higher demand Nov-Jan,open,52,0,immediate,26
P147,Farmworker Emergency Housing Fund – Huntington Beach,housing,farmworker_housing,"694 Main St, Huntington Beach, CA 92646",714-229-2185,https://farmworker-emergency-housing-fund.org,92861; 92683; 92869; 92701,en; fa; tl; km; es; vi; ko; hy,10am-7pm,10am-7pm,10am-7pm,10am-7pm,10am-7pm,10am-3pm,closed,in-person; home-delivered,0,Medi-Cal; CHIP,10,true,false,true,/api/programs/P147/availability,185,1,,,California,false,photo_id; proof_of_address,103,76,,open,24,2,2026-04-22,76
P148,Refugee Family Resettlement Housing – Mission Viejo,housing,refugee_housing,"9383 Oak Ave, Mission Viejo, CA 92694",714-607-5008,https://refugee-family-resettlement-housing.org,92656; 92865; 92801; 92844; 92672,en; vi; es; hy; fa,8am-5pm,8am-5pm,8am-5pm,8am-5pm,8am-5pm,closed,closed,in-person; home-delivered,10,Medi-Cal; Medicare; Private,5,true,false,true,/api/programs/P148/availability,130,1,,17,California,false,proof_of_address,95,56,Higher demand Nov-Jan,open,43,0,immediate,55
P149,Back-to-School Housing Stability Grant – Irvine,housing,rental_assistance,"2145 Chapman Ave, Irvine, CA 92614",714-750-9489,https://back-to-school-housing-stability-grant.org,92870; 92845; 92675; 92648; 92808,vi; en; fa; km; tl; ko; zh; es,9am-6pm,9am-6pm,9am-6pm,9am-6pm,9am-6pm,9am-1pm,closed,in-person,0,Private,0,true,false,true,/api/programs/P149/availability,250,1,,17,Orange County,true,proof_of_address,142,53,,open,69,0,immediate,51
P150,Medi-Cal Housing Navigation Services – Huntington Beach,housing,medical_housing,"1453 Harbor Blvd, Huntington Beach, CA 92646",714-821-1501,https://medi-cal-housing-navigation-services.org,all_orange_county,fa; en; es,8am-5pm,8am-5pm,8am-5pm,8am-5pm,8am-5pm,closed,closed,telehealth,0,Medi-Cal; Medicare,5,false,false,true,/api/programs/P150/availability,200,1,,17,Orange County,false,photo_id; proof_of_income; proof_of_address; ssn,104,62,Higher demand Nov-Jan,open,44,0,immediate,57
P151,Pediatric Specialty Care Ride Fund – Garden Grove,transportation,rideshare_voucher,"5245 Chapman Ave, Garden Grove, CA 92841",714-546-3228,https://pediatric-specialty-care-ride-fund.org,92647; 92676; 92612; 92683,ko; vi; es; zh; tl; hy; en,9am-6pm,9am-6pm,9am-6pm,9am-6pm,9am-6pm,9am-1pm,closed,home-delivered,10,Medi-Cal,10,true,true,true,/api/programs/P151/availability,200,1,,21,California,true,proof_of_address,70,71,,open,20,5,2026-04-25,71
P152,NICU Family Daily Transport Pass – Anaheim,transportation,transit_subsidy,"6408 Chapman Ave, Anaheim, CA 92806",714-510-4405,https://nicu-family-daily-transport-pass.org,92707; 92683; 92865; 92841,en; vi; ar; fa; ko; zh,10am-7pm,10am-7pm,10am-7pm,10am-7pm,10am-7pm,10am-3pm,closed,in-person; home-delivered,0,CHIP,0,true,false,true,/api/programs/P152/availability,,1,,21,Orange County,true,photo_id,53,32,,open,37,0,immediate,29
P153,Wheelchair-Accessible Van Service – Orange,transportation,paratransit,"1975 Oak Ave, Orange, CA 92861",714-814-5767,https://wheelchair-accessible-van-service.org,92706; 92835; 92806; 92701; 92832; 92886,ko; tl; fa; km; en; zh,10am-7pm,10am-7pm,10am-7pm,10am-7pm,10am-7pm,10am-3pm,closed,hybrid,0,,10,true,false,true,/api/programs/P153/availability,200,1,,,California,false,photo_id; proof_of_address,195,47,Increased availability summer,open,103,0,immediate,47
P154,Immigrant Family Medical Transport – Anaheim,transportation,nemt,"8648 Harbor Blvd, Anaheim, CA 92806",714-197-2623,https://immigrant-family-medical-transport.org,all_orange_county,en; fa; vi; ar,9am-6pm,9am-6pm,9am-6pm,9am-6pm,9am-6pm,9am-1pm,closed,telehealth,0,Medi-Cal; Medicare,0,true,true,true,/api/programs/P154/availability,130,1,,21,California,false,photo_id; proof_of_address,170,70,Increased availability summer,open,44,4,2026-04-24,74
P155,After-Hours Emergency Medical Transport – Santa Ana,transportation,nemt,"7368 Oak Ave, Santa Ana, CA 92707",714-959-5966,https://after-hours-emergency-medical-transport.org,92868; 92805; 92672; 92808; 92677; 92845,en; fa; zh; ar,closed,9am-12pm,closed,9am-12pm,closed,9am-12pm,closed,home-delivered,0,Medi-Cal; Medicare; Private,10,false,false,true,/api/programs/P155/availability,200,1,,21,Orange County,true,proof_of_income; proof_of_address,74,45,Holiday surge Dec,open,43,0,immediate,42
P156,Pediatric Oncology Ride Program – Garden Grove,transportation,rideshare_voucher,"2821 Oak Ave, Garden Grove, CA 92841",714-284-5243,https://pediatric-oncology-ride-program.org,all_orange_county,en; es; hy,8am-5pm,8am-5pm,8am-5pm,8am-5pm,8am-5pm,closed,closed,in-person; home-delivered,20,Medi-Cal; CHIP,0,false,false,true,/api/programs/P156/availability,250,1,,17,Orange County,true,referral_from_hospital_or_doctor,109,88,Higher demand Nov-Jan,limited,15,12,2026-05-02,86
P157,Dialysis Transport Coordination – Huntington Beach,transportation,nemt,"9896 Bristol St, Huntington Beach, CA 92646",714-676-9144,https://dialysis-transport-coordination.org,all_orange_county,en; vi; es,10am-7pm,10am-7pm,10am-7pm,10am-7pm,10am-7pm,10am-3pm,closed,in-person; telehealth,0,Medi-Cal; Medicare,0,true,false,true,/api/programs/P157/availability,,1,,21,Orange County,false,referral_from_hospital_or_doctor,188,66,,open,63,3,2026-04-23,66
P158,School-Based Transport Vouchers – Santa Ana,transportation,transit_subsidy,"7841 Main St, Santa Ana, CA 92701",714-259-7006,https://school-based-transport-vouchers.org,all_orange_county,en; fa; ko; km; es; vi,10am-7pm,10am-7pm,10am-7pm,10am-7pm,10am-7pm,10am-3pm,closed,in-person; telehealth,0,Medi-Cal; CHIP,0,true,false,true,/api/programs/P158/availability,,1,,,Orange County,true,photo_id; proof_of_address,112,31,Increased availability summer,open,82,0,immediate,26
P159,Refugee Family Bus Pass Program – Garden Grove,transportation,transit_subsidy,"4097 Oak Ave, Garden Grove, CA 92845",714-606-3750,https://refugee-family-bus-pass-program.org,92844; 92803; 92648; 92780,tl; en,9am-6pm,9am-6pm,9am-6pm,9am-6pm,9am-6pm,9am-1pm,closed,in-person; telehealth,0,Medi-Cal; CHIP,10,true,false,true,/api/programs/P159/availability,,1,,21,California,true,photo_id,112,61,Increased availability summer,open,48,0,immediate,57
P160,Prenatal Appointment Ride Service – Mission Viejo,transportation,rideshare_voucher,"3987 Oak Ave, Mission Viejo, CA 92694",714-831-5383,https://prenatal-appointment-ride-service.org,92694; 92808; 92676,en; hy; es; ar; tl; km,9am-6pm,9am-6pm,9am-6pm,9am-6pm,9am-6pm,9am-1pm,closed,in-person; telehealth,0,Private,0,false,true,true,/api/programs/P160/availability,130,1,,,Orange County,true,proof_of_income; proof_of_address,49,52,Limited summer capacity,open,24,0,immediate,50
P161,Disability Transport Coordination OC – Lake Forest,transportation,paratransit,"2356 Main St, Lake Forest, CA 92688",714-216-1269,https://disability-transport-coordination-oc.org,92683; 92870; 92688; 92807,en; ar; vi; tl; zh; es,9am-6pm,9am-6pm,9am-6pm,9am-6pm,9am-6pm,9am-1pm,closed,in-person; telehealth,20,,0,false,false,true,/api/programs/P161/availability,200,1,,21,Orange County,false,photo_id,99,75,Limited summer capacity,open,28,4,2026-04-24,71
P162,Mental Health Appointment Rides – Anaheim,transportation,nemt,"6387 Oak Ave, Anaheim, CA 92806",714-146-5036,https://mental-health-appointment-rides.org,92887; 92648; 92703; 92706,en; ko; tl; km; zh; hy,8am-4pm,8am-4pm,8am-4pm,8am-4pm,8am-4pm,closed,closed,in-person; telehealth,0,Medi-Cal,10,true,true,true,/api/programs/P162/availability,250,1,,17,Orange County,true,referral_from_hospital_or_doctor,99,69,Higher demand Nov-Jan,open,32,4,2026-04-24,67
P163,Foster Care Transport Coordination – Huntington Beach,transportation,case_managed_transport,"5171 Oak Ave, Huntington Beach, CA 92647",714-854-1537,https://foster-care-transport-coordination.org,92866; 92802; 92646,en; fa; ko; ar,8am-4pm,8am-4pm,8am-4pm,8am-4pm,8am-4pm,closed,closed,telehealth,0,Medi-Cal; CHIP,0,true,false,true,/api/programs/P163/availability,185,1,,17,Orange County,true,photo_id,49,37,Increased availability summer,open,32,0,immediate,34
P164,Telehealth Device & Data Assistance – Santa Ana,transportation,telehealth_support,"2538 Harbor Blvd, Santa Ana, CA 92704",714-254-6591,https://telehealth-device-data-assistance.org,all_orange_county,fa; ar; zh; en; km,8am-5pm,8am-5pm,8am-5pm,8am-5pm,8am-5pm,closed,closed,in-person; telehealth,0,Medi-Cal; Medicare,0,false,false,true,/api/programs/P164/availability,,1,,,Orange County,true,proof_of_address,117,30,Limited summer capacity,open,76,0,immediate,35
P165,Hospital Discharge Ride Home Fund – Huntington Beach,transportation,hospital_transport,"232 Oak Ave, Huntington Beach, CA 92648",714-577-4066,https://hospital-discharge-ride-home-fund.org,92803; 92647; 92692; 92708,en; es; ar; tl; hy; ko; vi,8am-4pm,8am-4pm,8am-4pm,8am-4pm,8am-4pm,closed,closed,in-person; telehealth,0,CHIP,0,true,true,true,/api/programs/P165/availability,130,1,,17,Orange County,false,photo_id; proof_of_address,184,31,Limited summer capacity,open,117,0,immediate,36
P166,Farmworker Family Transport Vouchers – Anaheim,transportation,transit_subsidy,"5806 Main St, Anaheim, CA 92801",714-122-4260,https://farmworker-family-transport-vouchers.org,92844; 92780; 92802,en; ko; zh,10am-7pm,10am-7pm,10am-7pm,10am-7pm,10am-7pm,10am-3pm,closed,telehealth,0,Private,0,true,false,true,/api/programs/P166/availability,200,1,,17,Orange County,false,photo_id; proof_of_address,91,48,,open,45,0,immediate,50
P167,Pediatric Therapy Appointment Rides – Lake Forest,transportation,rideshare_voucher,"7849 Main St, Lake Forest, CA 92688",714-438-8449,https://pediatric-therapy-appointment-rides.org,92648; 92866; 92657; 92804; 92887,en; ar; hy; tl; vi; fa,8am-5pm,8am-5pm,8am-5pm,8am-5pm,8am-5pm,closed,closed,telehealth,20,Medi-Cal,0,true,false,true,/api/programs/P167/availability,,1,,17,Orange County,false,referral_from_hospital_or_doctor,157,37,,open,97,0,immediate,38
P168,OC Monthly Bus Pass Assistance – Anaheim,transportation,transit_subsidy,"7746 Harbor Blvd, Anaheim, CA 92802",714-674-9940,https://oc-monthly-bus-pass-assistance.org,92831; 92614; 92677; 92865; 92866; 92801,en; tl; hy; fa; km; ko; zh; vi; es,8am-5pm,8am-5pm,8am-5pm,8am-5pm,8am-5pm,closed,closed,in-person; home-delivered,0,CHIP,10,false,false,true,/api/programs/P168/availability,130,1,,17,California,false,photo_id; proof_of_address,60,56,Holiday surge Dec,open,25,0,immediate,58
P169,Volunteer Medical Driver Network – Irvine,transportation,volunteer_driver,"8347 Bristol St, Irvine, CA 92614",714-273-3766,https://volunteer-medical-driver-network.org,92653; 92648; 92831,zh; km; vi; en; ko; hy; es,closed,9am-12pm,closed,9am-12pm,closed,9am-12pm,closed,telehealth,0,Medi-Cal; Medicare; Private,10,true,true,true,/api/programs/P169/availability,200,1,,,California,false,referral_from_hospital_or_doctor,141,72,,open,33,6,2026-04-26,76
P170,Homeless Family Transport Program – Lake Forest,transportation,transit_subsidy,"5987 Harbor Blvd, Lake Forest, CA 92688",714-843-4386,https://homeless-family-transport-program.org,all_orange_county,en; ar; es; ko,8am-5pm,8am-5pm,8am-5pm,8am-5pm,8am-5pm,closed,closed,in-person,0,Medi-Cal; Medicare; Private,0,true,false,true,/api/programs/P170/availability,185,1,,17,Orange County,true,photo_id; proof_of_address,195,91,,limited,17,3,2026-04-23,91
P171,Medi-Cal NEMT Coordination – Lake Forest,transportation,nemt,"9575 Harbor Blvd, Lake Forest, CA 92688",714-767-2136,https://medi-cal-nemt-coordination.org,92706; 92663; 92657; 92780; 92861,en; vi; es,8am-4pm,8am-4pm,8am-4pm,8am-4pm,8am-4pm,closed,closed,hybrid,10,Medi-Cal; Medicare,0,true,false,true,/api/programs/P171/availability,130,1,,17,California,true,photo_id,107,40,,open,62,0,immediate,41
P172,Pediatric Palliative Care Transport – Garden Grove,transportation,nemt,"2095 Chapman Ave, Garden Grove, CA 92844",714-551-5785,https://pediatric-palliative-care-transport.org,all_orange_county,km; fa; en; zh; ar; tl; ko,8am-5pm,8am-5pm,8am-5pm,8am-5pm,8am-5pm,closed,closed,hybrid,10,Medi-Cal; Medicare,0,true,false,true,/api/programs/P172/availability,185,1,,,California,false,photo_id,131,84,Waitlist common Aug-Sep,limited,25,8,2026-04-28,80
P173,Immigrant Medical Escort Program – Anaheim,transportation,volunteer_driver,"2825 Bristol St, Anaheim, CA 92801",714-698-7316,https://immigrant-medical-escort-program.org,92672; 92868; 92844; 92841; 92780; 92833,fa; en; es,8am-5pm,8am-5pm,8am-5pm,8am-5pm,8am-5pm,closed,closed,home-delivered,0,Medi-Cal,0,true,false,true,/api/programs/P173/availability,130,1,,,California,false,photo_id,135,89,Increased availability summer,limited,13,16,2026-05-06,90
P174,Postpartum Appointment Transport – Westminster,transportation,rideshare_voucher,"9230 Chapman Ave, Westminster, CA 92683",714-320-1491,https://postpartum-appointment-transport.org,92807; 92804; 92867,en; ar; vi; km,8am-4pm,8am-4pm,8am-4pm,8am-4pm,8am-4pm,closed,closed,home-delivered,0,Private,0,false,false,true,/api/programs/P174/availability,200,1,,,Orange County,false,photo_id; proof_of_address,117,80,,open,26,5,2026-04-25,78
P175,Pediatric Rehab Transport Fund – Orange,transportation,nemt,"702 Oak Ave, Orange, CA 92861",714-100-8363,https://pediatric-rehab-transport-fund.org,92648; 92692; 92840; 92647; 92705; 92618,en; hy; fa; ar; tl; zh,9am-6pm,9am-6pm,9am-6pm,9am-6pm,9am-6pm,9am-1pm,closed,in-person,0,,10,true,false,true,/api/programs/P175/availability,250,1,,,Orange County,true,referral_from_hospital_or_doctor,30,70,Waitlist common Aug-Sep,open,7,3,2026-04-23,74
P176,Bilingual ABA Therapy – Spanish/English – Lake Forest,therapy,aba_therapy,"1746 Harbor Blvd, Lake Forest, CA 92688",714-849-9088,https://bilingual-aba-therapy-spanish-english.org,92805; 92694; 92844; 92780; 92845,vi; fa; es; ko; en; tl,8am-5pm,8am-5pm,8am-5pm,8am-5pm,8am-5pm,closed,closed,in-person,0,,0,true,false,true,/api/programs/P176/availability,250,1,5,21,California,true,photo_id; proof_of_address,20,57,Holiday surge Dec,open,8,0,immediate,56
P177,Vietnamese Child Therapy Services – Mission Viejo,therapy,mental_health,"7813 Harbor Blvd, Mission Viejo, CA 92694",714-528-3174,https://vietnamese-child-therapy-services.org,all_orange_county,en; fa; tl; ko; zh; km,9am-6pm,9am-6pm,9am-6pm,9am-6pm,9am-6pm,9am-1pm,closed,home-delivered,0,,5,true,false,true,/api/programs/P177/availability,,1,0,17,California,false,proof_of_address,24,84,,limited,3,5,2026-04-25,85
P178,Korean Family Counseling Center – Huntington Beach,therapy,family_therapy,"9574 Oak Ave, Huntington Beach, CA 92646",714-642-3287,https://korean-family-counseling-center.org,92676; 92612; 92835; 92844; 92675; 92646,en; ko; fa; tl; vi; zh; km,10am-7pm,10am-7pm,10am-7pm,10am-7pm,10am-7pm,10am-3pm,closed,in-person; telehealth,0,Private,5,false,true,true,/api/programs/P178/availability,200,1,0,12,California,false,photo_id,129,60,Waitlist common Aug-Sep,open,48,2,2026-04-22,63
P179,Farsi-Speaking Child Psychiatry – Huntington Beach,therapy,psychiatry,"1482 Main St, Huntington Beach, CA 92647",714-653-7497,https://farsi-speaking-child-psychiatry.org,92663; 92805; 92832,zh; en; ko; fa,closed,9am-12pm,closed,9am-12pm,closed,9am-12pm,closed,telehealth,0,Medi-Cal; Medicare; Private,10,true,false,true,/api/programs/P179/availability,185,1,2,12,California,true,referral_from_hospital_or_doctor,186,92,Limited summer capacity,limited,22,15,2026-05-05,88
P180,Arabic Child & Family Therapy – Anaheim,therapy,family_therapy,"597 Oak Ave, Anaheim, CA 92801",714-933-3870,https://arabic-child-family-therapy.org,92677; 92870; 92618; 92703; 92801,hy; en,closed,9am-12pm,closed,9am-12pm,closed,9am-12pm,closed,home-delivered,0,Medi-Cal; Medicare,0,true,false,true,/api/programs/P180/availability,130,1,2,21,California,false,photo_id; proof_of_address,147,65,Higher demand Nov-Jan,open,46,6,2026-04-26,69
P181,Telehealth Behavioral Health – Pediatric – Mission Viejo,therapy,telehealth_therapy,"2638 Chapman Ave, Mission Viejo, CA 92694",714-476-1664,https://telehealth-behavioral-health-pediatric.org,all_orange_county,es; en; vi,8am-5pm,8am-5pm,8am-5pm,8am-5pm,8am-5pm,closed,closed,telehealth,0,,0,true,false,true,/api/programs/P181/availability,185,1,2,17,Orange County,true,proof_of_income; proof_of_address,120,79,Holiday surge Dec,open,27,1,2026-04-21,77
P182,Pediatric Palliative Care Counseling – Anaheim,therapy,palliative_counseling,"8293 Main St, Anaheim, CA 92801",714-801-6687,https://pediatric-palliative-care-counseling.org,92808; 92801; 92833; 92620,es; ko; hy; fa; km; en; vi,10am-7pm,10am-7pm,10am-7pm,10am-7pm,10am-7pm,10am-3pm,closed,telehealth,10,Medi-Cal,0,false,false,true,/api/programs/P182/availability,185,1,2,17,Orange County,true,proof_of_income; proof_of_address,50,93,,limited,5,7,2026-04-27,90
P183,Sibling Support Therapy Program – Anaheim,therapy,family_therapy,"7698 Chapman Ave, Anaheim, CA 92803",714-801-8789,https://sibling-support-therapy-program.org,all_orange_county,en; km; tl; hy; ar; fa; ko; zh,9am-6pm,9am-6pm,9am-6pm,9am-6pm,9am-6pm,9am-1pm,closed,telehealth,20,Medi-Cal,5,true,false,true,/api/programs/P183/availability,130,1,0,17,California,false,photo_id; proof_of_address,105,66,,open,33,6,2026-04-26,68
P184,Chronic Illness Coping Skills Group – Santa Ana,therapy,group_therapy,"7793 Harbor Blvd, Santa Ana, CA 92707",714-704-4689,https://chronic-illness-coping-skills-group.org,92803; 92661; 92845; 92804; 92653,en; es; hy,8am-5pm,8am-5pm,8am-5pm,8am-5pm,8am-5pm,closed,closed,in-person,0,,0,true,false,true,/api/programs/P184/availability,250,1,0,17,California,true,photo_id,156,90,Waitlist common Aug-Sep,limited,11,12,2026-05-02,93
P185,Post-Hospitalization Adjustment Therapy – Santa Ana,therapy,trauma_therapy,"5615 Harbor Blvd, Santa Ana, CA 92706",714-903-8678,https://post-hospitalization-adjustment-therapy.org,92867; 92832; 92869; 92677; 92887; 92802,zh; hy; en; km; ar,8am-5pm,8am-5pm,8am-5pm,8am-5pm,8am-5pm,closed,closed,in-person; home-delivered,20,Private,0,true,false,true,/api/programs/P185/availability,,1,5,17,Orange County,true,photo_id; proof_of_income; proof_of_address,193,73,,open,54,5,2026-04-25,72
P186,Pediatric Oncology Psychosocial Support – Fullerton,therapy,trauma_therapy,"2950 Oak Ave, Fullerton, CA 92831",714-833-3579,https://pediatric-oncology-psychosocial-support.org,all_orange_county,km; vi; fa; es; en,closed,9am-12pm,closed,9am-12pm,closed,9am-12pm,closed,telehealth,0,Medi-Cal; CHIP,0,true,false,true,/api/programs/P186/availability,185,1,2,21,California,true,proof_of_income; proof_of_address,170,82,Increased availability summer,limited,29,14,2026-05-04,82
P187,Neonatal Follow-Up Developmental Therapy – Fullerton,therapy,developmental_therapy,"3566 Harbor Blvd, Fullerton, CA 92831",714-874-5222,https://neonatal-follow-up-developmental-therapy.org,92835; 92844; 92620; 92677; 92694,vi; es; hy; en,10am-7pm,10am-7pm,10am-7pm,10am-7pm,10am-7pm,10am-3pm,closed,in-person; home-delivered,0,Private,5,true,false,true,/api/programs/P187/availability,200,1,0,17,Orange County,true,photo_id; proof_of_income; proof_of_address,178,36,Holiday surge Dec,open,112,0,immediate,37
P188,Pediatric Feeding & Swallowing Clinic – Huntington Beach,therapy,feeding_therapy,"7056 Oak Ave, Huntington Beach, CA 92647",714-260-1118,https://pediatric-feeding-swallowing-clinic.org,92648; 92868; 92651,en; ar; es; vi; zh,8am-5pm,8am-5pm,8am-5pm,8am-5pm,8am-5pm,closed,closed,home-delivered,0,,10,true,false,true,/api/programs/P188/availability,,1,2,17,Orange County,false,photo_id; proof_of_income; proof_of_address; ssn,86,49,,open,47,0,immediate,44
P189,Augmentative Communication Therapy – Anaheim,therapy,speech_therapy,"6302 Main St, Anaheim, CA 92805",714-574-5112,https://augmentative-communication-therapy.org,all_orange_county,en; tl; vi; es,closed,9am-12pm,closed,9am-12pm,closed,9am-12pm,closed,in-person; home-delivered,0,Medi-Cal,0,true,false,true,/api/programs/P189/availability,250,1,2,12,Orange County,false,photo_id,51,55,Holiday surge Dec,open,22,0,immediate,56
P190,Pediatric Aquatic Therapy Program – Anaheim,therapy,physical_therapy,"9335 Chapman Ave, Anaheim, CA 92804",714-430-4227,https://pediatric-aquatic-therapy-program.org,92672; 92705; 92840,fa; es; en; ar; zh; ko; hy; tl,8am-5pm,8am-5pm,8am-5pm,8am-5pm,8am-5pm,closed,closed,in-person,10,Medi-Cal; CHIP,0,true,false,true,/api/programs/P190/availability,130,1,0,17,California,true,photo_id; proof_of_income; proof_of_address,153,78,Higher demand Nov-Jan,limited,27,13,2026-05-03,82
P191,Hippotherapy – Equine-Assisted Therapy – Santa Ana,therapy,occupational_therapy,"9471 Chapman Ave, Santa Ana, CA 92708",714-241-7977,https://hippotherapy-equine-assisted-therapy.org,all_orange_county,en; ko; zh; fa,8am-4pm,8am-4pm,8am-4pm,8am-4pm,8am-4pm,closed,closed,hybrid,0,Medi-Cal,10,false,true,true,/api/programs/P191/availability,185,1,2,17,California,true,photo_id; proof_of_address,72,81,Limited summer capacity,open,15,6,2026-04-26,79
P192,Music Therapy for Children – Irvine,therapy,play_therapy,"7991 Main St, Irvine, CA 92614",714-160-9271,https://music-therapy-for-children.org,all_orange_county,en; hy; ko; vi; zh; es; ar; km,8am-5pm,8am-5pm,8am-5pm,8am-5pm,8am-5pm,closed,closed,in-person; home-delivered,0,Medi-Cal; Medicare,0,true,false,true,/api/programs/P192/availability,130,1,0,17,Orange County,false,proof_of_address,169,76,,open,34,5,2026-04-25,80
P193,Art Therapy – Pediatric Trauma – Anaheim,therapy,play_therapy,"7344 Harbor Blvd, Anaheim, CA 92801",714-532-2780,https://art-therapy-pediatric-trauma.org,all_orange_county,en; fa; hy,8am-5pm,8am-5pm,8am-5pm,8am-5pm,8am-5pm,closed,closed,in-person; telehealth,10,Private,10,true,false,true,/api/programs/P193/availability,185,1,0,17,California,false,photo_id; proof_of_income; proof_of_address; ssn,148,82,Higher demand Nov-Jan,limited,22,7,2026-04-27,85
P194,Pediatric Sleep Disorder Therapy – Santa Ana,therapy,behavioral_health,"1532 Main St, Santa Ana, CA 92705",714-414-5415,https://pediatric-sleep-disorder-therapy.org,all_orange_county,en; km; hy,8am-5pm,8am-5pm,8am-5pm,8am-5pm,8am-5pm,closed,closed,telehealth,0,Medi-Cal,5,true,false,true,/api/programs/P194/availability,200,1,2,12,California,false,proof_of_address,34,53,,open,17,0,immediate,48
P195,Anxiety & OCD Treatment for Children – Anaheim,therapy,behavioral_health,"673 Chapman Ave, Anaheim, CA 92807",714-782-3213,https://anxiety-ocd-treatment-for-children.org,all_orange_county,en; fa; vi,8am-5pm,8am-5pm,8am-5pm,8am-5pm,8am-5pm,closed,closed,home-delivered,0,Medi-Cal; CHIP,5,true,false,true,/api/programs/P195/availability,130,1,5,12,Orange County,true,photo_id; proof_of_address,46,79,,limited,8,8,2026-04-28,82
P196,Pediatric Eating Disorder Program – Orange,therapy,behavioral_health,"7602 Main St, Orange, CA 92867",714-345-6627,https://pediatric-eating-disorder-program.org,all_orange_county,en; ko; ar; es; km; tl,8am-5pm,8am-5pm,8am-5pm,8am-5pm,8am-5pm,closed,closed,in-person,10,Medi-Cal,10,true,true,true,/api/programs/P196/availability,250,1,2,21,California,false,photo_id; proof_of_income; proof_of_address,119,62,Higher demand Nov-Jan,open,48,0,immediate,59
P197,Child Witness to Violence Therapy – Fullerton,therapy,trauma_therapy,"8511 Chapman Ave, Fullerton, CA 92831",714-440-5321,https://child-witness-to-violence-therapy.org,92630; 92646; 92802; 92706; 92861,en; hy; ko; ar; fa; vi; zh; km; tl,9am-6pm,9am-6pm,9am-6pm,9am-6pm,9am-6pm,9am-1pm,closed,telehealth,0,Medi-Cal,0,false,false,true,/api/programs/P197/availability,250,1,2,17,Orange County,false,proof_of_address,120,52,,open,56,0,immediate,53
P198,Refugee Child Trauma Therapy – Westminster,therapy,trauma_therapy,"740 Bristol St, Westminster, CA 92683",714-666-6166,https://refugee-child-trauma-therapy.org,all_orange_county,en; zh; vi; tl,closed,9am-12pm,closed,9am-12pm,closed,9am-12pm,closed,home-delivered,0,Private,0,true,false,true,/api/programs/P198/availability,185,1,2,21,California,false,proof_of_address,88,90,,limited,8,9,2026-04-29,90
P199,Foster Child Attachment Therapy – Huntington Beach,therapy,trauma_therapy,"203 Chapman Ave, Huntington Beach, CA 92648",714-698-5519,https://foster-child-attachment-therapy.org,all_orange_county,en; fa; zh; ar; km; vi; ko,closed,9am-12pm,closed,9am-12pm,closed,9am-12pm,closed,telehealth,10,CHIP,10,true,false,true,/api/programs/P199/availability,185,1,5,12,California,true,proof_of_address,162,45,Higher demand Nov-Jan,open,86,0,immediate,47
P200,Pediatric Neurological Rehab Therapy – Mission Viejo,therapy,physical_therapy,"8757 Chapman Ave, Mission Viejo, CA 92692",714-455-8786,https://pediatric-neurological-rehab-therapy.org,92887; 92612; 92647; 92677,hy; vi; km; es; tl; en; ko; fa,8am-4pm,8am-4pm,8am-4pm,8am-4pm,8am-4pm,closed,closed,hybrid,0,Medi-Cal; Medicare,0,true,false,true,/api/programs/P200/availability,130,1,5,12,California,false,referral_from_hospital_or_doctor,168,60,Waitlist common Aug-Sep,open,62,0,immediate,63
P201,Down Syndrome Early Intervention – Santa Ana,therapy,early_intervention,"7992 Oak Ave, Santa Ana, CA 92703",714-417-2466,https://down-syndrome-early-intervention.org,all_orange_county,es; vi; km; en; hy,9am-6pm,9am-6pm,9am-6pm,9am-6pm,9am-6pm,9am-1pm,closed,in-person; home-delivered,10,Medi-Cal; CHIP,10,true,true,true,/api/programs/P201/availability,250,1,0,12,California,false,proof_of_income; proof_of_address,21,60,Higher demand Nov-Jan,open,7,1,2026-04-21,63
P202,Cerebral Palsy Therapy Program – Mission Viejo,therapy,physical_therapy,"3157 Oak Ave, Mission Viejo, CA 92694",714-111-6431,https://cerebral-palsy-therapy-program.org,92663; 92808; 92707,en; tl; es; vi; km; hy,9am-6pm,9am-6pm,9am-6pm,9am-6pm,9am-6pm,9am-1pm,closed,hybrid,20,Medi-Cal; CHIP,10,true,false,true,/api/programs/P202/availability,200,1,0,12,California,true,proof_of_address,66,86,Waitlist common Aug-Sep,limited,9,13,2026-05-03,86
P203,Pediatric Vision Therapy – Mission Viejo,therapy,occupational_therapy,"5666 Harbor Blvd, Mission Viejo, CA 92694",714-374-1683,https://pediatric-vision-therapy.org,92804; 92692; 92870; 92704,en; es; ko; vi,8am-5pm,8am-5pm,8am-5pm,8am-5pm,8am-5pm,closed,closed,hybrid,10,,0,true,false,true,/api/programs/P203/availability,250,1,5,12,Orange County,false,photo_id; proof_of_address,82,62,Increased availability summer,open,33,0,immediate,59
P204,Selective Mutism Treatment Program – Irvine,therapy,behavioral_health,"9342 Harbor Blvd, Irvine, CA 92620",714-443-7647,https://selective-mutism-treatment-program.org,all_orange_county,en; es; ko; ar,8am-5pm,8am-5pm,8am-5pm,8am-5pm,8am-5pm,closed,closed,in-person; home-delivered,20,CHIP,0,true,false,true,/api/programs/P204/availability,130,1,0,21,California,true,photo_id; proof_of_income; proof_of_address; ssn,28,78,,open,6,1,2026-04-21,76
P205,Pediatric Anxiety Telehealth Program – Irvine,therapy,telehealth_therapy,"7578 Chapman Ave, Irvine, CA 92620",714-112-6433,https://pediatric-anxiety-telehealth-program.org,all_orange_county,en; fa; ar; es; tl; hy; ko; zh,8am-5pm,8am-5pm,8am-5pm,8am-5pm,8am-5pm,closed,closed,telehealth,0,Private,5,true,false,true,/api/programs/P205/availability,200,1,0,17,California,false,photo_id,145,68,,open,42,1,2026-04-21,71
P206,Bilingual Child Psychiatry – Korean – Irvine,therapy,psychiatry,"9456 Harbor Blvd, Irvine, CA 92614",714-854-8391,https://bilingual-child-psychiatry-korean.org,92661; 92676; 92832; 92861; 92630,en; es; vi; zh; ko; tl; fa,closed,9am-12pm,closed,9am-12pm,closed,9am-12pm,closed,in-person; telehealth,0,,10,false,false,true,/api/programs/P206/availability,130,1,5,12,Orange County,false,photo_id,69,50,Increased availability summer,open,32,0,immediate,53